session_id,chain_id,n,delta,mu,alpha_lr,beta_exp,D,Delta,avg_price,converged,Z_hq
0,3,2,0.7351759189945131,0.12333375806286845,0.05198092092683648,4e-06,0,1.4071404596185549e-06,1.2463950331976295,1,0.7878787878787878
1,7,2,0.6656283014846704,0.11106252352247498,0.12123352197513003,4e-06,0,2.083466376229211e-06,1.2220254605241716,1,0.29559748427672955
2,7,2,0.6980029635605498,0.09445412909364219,0.22957211366788177,4e-06,0,0.0,1.1888903465899967,1,0.29559748427672955
3,9,2,0.6828668871134757,0.2394359934853531,0.06596927556660047,4e-06,1,0.381190587899338,1.6077516038879067,0,0.3924050632911392
4,8,2,0.7165093044638395,0.2629246300902365,0.21424942802611383,4e-06,0,0.0,1.4925262185065649,1,0.5949367088607594
5,0,2,0.6674490908700849,0.26847938267726484,0.28386916878162677,4e-06,1,0.2660886927104403,1.6639063644634637,0,0.42857142857142855
6,5,2,0.6663937409214988,0.4752655635292628,0.06951778363474104,4e-06,0,0.0,1.7694336407353504,1,0.13131313131313133
7,1,2,0.6531521931854984,0.5162946280491558,0.13003470878133916,4e-06,0,5.328893112980233e-06,1.8191894782707645,1,0.3018867924528302
8,2,2,0.7046674323656291,0.5065606579018704,0.2761428633384457,4e-06,1,0.3357701918832891,1.9349005342771963,0,0.8319327731092437
9,5,2,0.8527031627795556,0.10867358196069953,0.06893864677515621,4e-06,0,0.0,1.2172639773847922,1,0.13131313131313133
10,8,2,0.837213151345708,0.08588882037121615,0.13083366455269974,4e-06,1,0.5574634095318705,1.6702419684011232,0,0.5822784810126582
11,6,2,0.8153667553722702,0.12904835063774442,0.19951390685152587,4e-06,0,5.685488337130483e-07,1.2576884417459007,1,0.7142857142857143
12,1,2,0.8565101226042002,0.26758666994077834,0.07133679739378565,4e-06,0,0.0,1.499456737164582,1,0.3018867924528302
13,3,2,0.8315059282934173,0.2757392764377146,0.14426087025355155,4e-06,0,0.0,1.5114115872195162,1,0.7878787878787878
14,0,2,0.8046685114398607,0.22241643141995165,0.2649148223216129,4e-06,1,0.3630748859699196,1.5037562524710162,0,0.42857142857142855
15,2,2,0.8329098941465386,0.5047561907323014,0.06876771181902011,4e-06,1,0.6387097890794011,1.932709653041146,0,0.8319327731092437
16,0,2,0.8682710095022964,0.4801422217680005,0.13910838460304784,4e-06,1,0.7120159420375294,1.8363468846959874,0,0.42857142857142855
17,5,2,0.8694788992314233,0.4859179297939183,0.2503748235618306,4e-06,0,0.0,1.7823864617551928,1,0.13131313131313133
18,7,2,0.9678612470411977,0.11996155326918359,0.047045435464717296,4e-06,0,1.972490177146163e-06,1.2397123580852474,1,0.29559748427672955
19,7,2,0.8825066226416788,0.05658662582730739,0.11031901162936793,4e-06,0,1.386512199077186e-08,1.1131732527626022,1,0.29559748427672955
20,7,2,0.9659909690689374,0.07283562833919818,0.2386551233788183,4e-06,0,1.1436918938778216e-06,1.1456714218063389,1,0.29559748427672955
21,7,2,0.9795006227386834,0.2219914695997037,0.0438368732639711,4e-06,1,0.7895146693212003,1.7480510967149305,1,0.2893081761006289
22,7,2,0.9364386769639774,0.2752092441237219,0.09818038730422954,4e-06,0,0.0,1.510640492602798,1,0.29559748427672955
23,4,2,0.9262340017721282,0.20661826436834635,0.2521638852314161,4e-06,0,4.3813021526309685e-06,1.4023839116600803,1,0.0
24,4,2,0.9593070484541881,0.5006555643657032,0.09805336673962747,4e-06,0,8.597723661881227e-06,1.80026684641363,1,0.0
25,0,2,0.9571710253982526,0.5065999005191529,0.1907756272572131,4e-06,1,0.8406282777569436,2.1511187734450905,1,0.42857142857142855
26,0,2,0.9642748423659804,0.5438990867365868,0.21433710837031447,4e-06,1,0.9850593949831562,2.230457787618634,1,0.42857142857142855
27,8,3,0.6844076078737692,0.058699415573310744,0.06905452840443213,4e-06,1,0.6285111244411268,1.5681109984064363,0,0.5822784810126582
28,9,3,0.6411677482198936,0.06953262756377376,0.15940541542350586,4e-06,1,0.1883991893811141,1.0928798507838209,0,0.3924050632911392
29,6,3,0.8165544986402932,0.1124322829982799,0.22031385639904408,4e-06,1,0.36976110042154253,1.4733162980742938,0,0.7058823529411765
30,5,3,0.7107084584937534,0.22561176714069023,0.03753928219460945,4e-06,0,0.0,1.3355266913124206,1,0.13131313131313133
31,2,3,0.7426392092315057,0.25471145702336034,0.14524095488883934,4e-06,1,0.4598225847914392,1.6010549453643783,0,0.8319327731092437
32,0,3,0.6330126822118257,0.23541076272780007,0.24838652347545037,4e-06,1,0.3963337078720485,1.522206203795136,0,0.42857142857142855
33,2,3,0.7393095804409222,0.48502113204382546,0.014451687007489264,4e-06,1,0.6752360855080776,1.9133002272015371,0,0.8319327731092437
34,6,3,0.6709909574185698,0.5638540919730549,0.12535839962326842,4e-06,0,0.0,1.7749625469926589,1,0.7142857142857143
35,1,3,0.7372629205149697,0.5115485289831759,0.24530086307025728,4e-06,0,0.0,1.7107418043972131,1,0.3018867924528302
36,6,3,0.8238084921828244,0.11338216604446243,0.0363504955897766,4e-06,1,0.44553371527703667,1.7260003656510092,0,0.7058823529411765
37,9,3,0.8569035167088848,0.14737273769231304,0.15479974840720315,4e-06,0,0.0,1.2208714179053886,1,0.4050632911392405
38,6,3,0.8614330455841017,0.13918005225120475,0.25658147504091566,4e-06,1,0.7086328532670327,1.641912272652533,0,0.7058823529411765
39,2,3,0.8671502575384645,0.2960726797598798,0.055497033116657185,4e-06,0,0.0,1.433922459688825,1,0.8403361344537815
40,1,3,0.7952736320301734,0.2995278379669375,0.2017099716234989,4e-06,1,0.5539431793645521,1.8159165790279665,0,0.29559748427672955
41,3,3,0.9084577716896881,0.21678862953869538,0.2231581894313252,4e-06,1,0.4485305996465486,1.7010646838456982,0,0.7777777777777778
42,5,3,0.8342157950856164,0.49984634399839784,0.04509671304426462,4e-06,1,0.3771774760192678,1.9499569792504736,0,0.12121212121212122
43,9,3,0.8536233962760698,0.5193181637983058,0.08849483696906932,4e-06,0,0.0,1.720323987657798,1,0.4050632911392405
44,3,3,0.8162707891882851,0.4634356081872912,0.22365542899213747,4e-06,1,0.396404029509792,1.6770417222164287,0,0.7777777777777778
45,2,3,0.8969442912904174,0.10091894477783253,0.035474916999992646,4e-06,1,0.55019903303157,1.6552476490378867,0,0.8319327731092437
46,3,3,0.99,0.11614346311011778,0.1901219432232823,4e-06,1,0.36499992657145985,1.3934586139625047,0,0.7777777777777778
47,1,3,0.94104564732478,0.10727490373813665,0.25529720075361134,4e-06,1,0.5345161256184016,1.7651023956859844,0,0.29559748427672955
48,6,3,0.953619591265115,0.2568468499041672,0.12552422112601763,4e-06,1,0.6669713544854862,1.9800385566200205,0,0.7058823529411765
49,8,3,0.9385046655380329,0.20609673994488992,0.1322787895810954,4e-06,1,0.5170326878137023,1.3912065585407427,0,0.5822784810126582
50,1,3,0.99,0.22812748486769174,0.2303756067979661,4e-06,1,0.2840935676694604,1.476218514998486,0,0.29559748427672955
51,7,3,0.9075034235256174,0.4841168171790178,0.02369417665497236,4e-06,0,2.2190792075564097e-06,1.676770051372375,1,0.29559748427672955
52,1,3,0.8796908643457347,0.45598864263827027,0.21387741336084892,4e-06,0,3.563773084508197e-07,1.6416713875426794,1,0.3018867924528302
53,1,3,0.99,0.5871520150772123,0.21485300113523975,4e-06,0,0.0,1.8033798321692942,1,0.3018867924528302
54,3,2,0.7136622220376203,0.15186092933216777,0.02039428764715288,4e-06,1,0.6306564213787926,1.6101292684707313,0,0.7777777777777778
55,7,2,0.7173906429786647,0.08871531786309703,0.14598531106451876,4e-06,1,0.3123589436009027,1.2564191239894007,0,0.2893081761006289
56,7,2,0.6904730502410134,0.09200837529973135,0.2569650966887877,4e-06,1,0.18058860364747692,1.2914313161330357,1,0.2893081761006289
57,9,2,0.7405086327127931,0.254662879830054,0.060552692251976105,4e-06,0,4.684868407532743e-06,1.4800667585184932,1,0.4050632911392405
58,8,2,0.7000033757236566,0.2283532589937146,0.15949482785019922,4e-06,1,0.42211936452979637,1.573047303289289,0,0.5822784810126582
59,0,2,0.7837267323572238,0.29720064707425725,0.26157539657669504,4e-06,1,0.2390381059067351,1.5722176798000527,0,0.42857142857142855
60,5,2,0.6555035411206632,0.5357342885926659,0.05788247675441416,4e-06,0,2.1317990540737785e-06,1.8426572982217777,1,0.13131313131313133
61,1,2,0.7370975392623271,0.5136326101464309,0.11668707946756565,4e-06,0,5.842948139388838e-06,1.8159715332679085,1,0.3018867924528302
62,2,2,0.7105486881742608,0.5015740039506873,0.24123486442589334,4e-06,1,0.4215263819459328,1.8955942288708059,1,0.8319327731092437
63,5,2,0.8561025004840987,0.14414475918979472,0.01,4e-06,0,0.0,1.2872682027321272,1,0.13131313131313133
64,8,2,0.8570604968548978,0.10887981969061299,0.1388425625603613,4e-06,0,5.481791684735202e-06,1.2176801542181588,1,0.5949367088607594
65,6,2,0.9190940085665674,0.053984157852515875,0.27591484041094566,4e-06,1,0.878993483036954,1.9676918868854931,1,0.7058823529411765
66,1,2,0.8475470261668461,0.21841304467888153,0.0399663148293237,4e-06,0,2.055291398414991e-06,1.422343588124753,1,0.3018867924528302
67,3,2,0.9192924642163978,0.2853223566693308,0.16317260036788728,4e-06,0,9.847853695890293e-07,1.5252154113863563,1,0.7878787878787878
68,0,2,0.8675597263495319,0.27483964530391175,0.24110287139395875,4e-06,0,0.0,1.510102303990105,1,0.4369747899159664
69,2,2,0.8895833573837941,0.464650891306554,0.07347051027252985,4e-06,0,0.0,1.7564953717295788,1,0.8403361344537815
70,0,2,0.8528159008491999,0.5351374128040196,0.1725260696619378,4e-06,0,2.2151213525567316e-06,1.841937486346544,1,0.4369747899159664
71,5,2,0.7871183897738704,0.497991404813054,0.21483978422215552,4e-06,0,9.21189988546905e-06,1.7970387862070811,1,0.13131313131313133
72,7,2,0.99,0.11912601432693089,0.029032087142637615,4e-06,0,2.101628257002183e-06,1.2380547274055507,1,0.29559748427672955
73,7,2,0.9013375940247549,0.07986579167810257,0.1593602841465373,4e-06,0,2.8771749081565656e-07,1.159729611957708,1,0.29559748427672955
74,7,2,0.9743504588889775,0.05,0.2591310018709078,4e-06,0,1.590758235291997e-07,1.1000001174932683,1,0.29559748427672955
75,7,2,0.99,0.18810285169585772,0.03226689724426683,4e-06,1,0.7452460285282326,1.6711273864530884,1,0.2893081761006289
76,7,2,0.8867362240218423,0.29427847144160524,0.16105069838101974,4e-06,0,8.965562933611245e-07,1.5378907367321117,1,0.29559748427672955
77,4,2,0.9825505475986483,0.28205414667967116,0.25698634060411507,4e-06,0,9.77970209314816e-07,1.5205371818425164,1,0.0
78,4,2,0.960813729571269,0.47409964205781857,0.045574139592789414,4e-06,0,0.0,1.7680140990179856,1,0.0
79,0,2,0.9899929698764117,0.4682439175406477,0.14624972909041267,4e-06,0,0.0,1.7608786964043106,1,0.4369747899159664
80,0,2,0.9202564708474974,0.4753324994812904,0.2560691857549358,4e-06,0,0.0,1.7695151256418737,1,0.4369747899159664
81,8,3,0.7531584236174795,0.1257038194769958,0.07525460200670187,4e-06,1,0.3993449059888152,1.6100628182243923,0,0.5822784810126582
82,9,3,0.7931061240138434,0.09384514933401868,0.08989433123800458,4e-06,0,3.3867783917009816e-06,1.1407675042896956,1,0.4050632911392405
83,6,3,0.7043152177737213,0.1392865205458158,0.20193221376823223,4e-06,1,0.3778886500995886,1.7024503553660966,0,0.7058823529411765
84,5,3,0.6359488825152458,0.22617591129923728,0.06318909818050981,4e-06,0,0.0,1.3363346889289929,1,0.13131313131313133
85,2,3,0.6434893646443053,0.1806968969010207,0.15163060756171146,4e-06,1,0.40876009813943587,1.5856533011724112,0,0.8319327731092437
86,0,3,0.7183754308686644,0.2710586087866381,0.25414724296176044,4e-06,1,0.4033136845110184,1.7106336279198822,0,0.42857142857142855
87,2,3,0.7212025882240586,0.47885980211390355,0.044611657585056246,4e-06,1,0.6181457441577537,1.7834330629346962,0,0.8319327731092437
88,6,3,0.7328211390166968,0.4881877648332628,0.16563501767196337,4e-06,1,0.5954769170127636,1.8824928910237297,0,0.7058823529411765
89,1,3,0.7331807616809629,0.4402081888683753,0.21110583015775716,4e-06,1,0.4674985446007812,1.6478066933830509,0,0.29559748427672955
90,6,3,0.7566553552060677,0.0796520667953447,0.07248301699183221,4e-06,0,0.0,1.119476584570604,1,0.7142857142857143
91,9,3,0.8935686998684317,0.13983058396803075,0.1479258619582158,4e-06,1,0.5453712527348547,1.3203536663956983,0,0.3924050632911392
92,6,3,0.8460766211651949,0.14060757668708193,0.25276379975302327,4e-06,0,2.8217903129547343e-06,1.2107848733323872,1,0.7142857142857143
93,2,3,0.7907785394973993,0.22335598438799042,0.039259499357767125,4e-06,1,0.5410146287921493,1.5616495375612331,0,0.8319327731092437
94,1,3,0.9188307932466393,0.2085345545386888,0.16178482404779757,4e-06,0,0.0,1.3109213413423353,1,0.3018867924528302
95,3,3,0.844756533972491,0.1950728252245741,0.2778489097470545,4e-06,1,0.47192884016656445,1.4513608912564688,0,0.7777777777777778
96,5,3,0.8286439904650578,0.4679074276613093,0.03037150169937334,4e-06,0,0.0,1.656577602024847,1,0.13131313131313133
97,9,3,0.8631464800912992,0.5108576556178653,0.189619849665845,4e-06,0,0.0,1.7098889539037927,1,0.4050632911392405
98,3,3,0.7909256873261707,0.5320166724971594,0.24005535483708235,4e-06,0,0.0,1.735950652228033,1,0.7878787878787878
99,2,3,0.9447544987918661,0.11046327682138886,0.10853037680378899,4e-06,1,0.3977358391421011,1.6189730049708448,0,0.8319327731092437
100,3,3,0.9527752454053111,0.10480571779951227,0.18228720472399157,4e-06,1,0.5570157343947023,1.8279108296725388,0,0.7777777777777778
101,1,3,0.9489654860818457,0.10941724634372661,0.22499893582151784,4e-06,1,0.4034332527064709,1.4703719523514966,0,0.29559748427672955
102,6,3,0.8670806625603483,0.21647847661031178,0.03623974145182001,4e-06,1,0.5221484209491822,1.6453551173521788,0,0.7058823529411765
103,8,3,0.99,0.22113726650975118,0.1604312535735287,4e-06,0,7.408126366397507e-07,1.3291078688506648,1,0.5949367088607594
104,1,3,0.9386254464783962,0.25555976948246145,0.2685751335092618,4e-06,0,5.766875615649836e-06,1.377975008611332,1,0.3018867924528302
105,7,3,0.9043224709543038,0.500190171870868,0.12793021179787495,4e-06,0,0.0,1.6967012976490272,1,0.29559748427672955
106,1,3,0.99,0.5027456053451963,0.1674233128598939,4e-06,0,4.536923447752978e-06,1.6998663069398703,1,0.3018867924528302
107,1,3,0.9188207041309832,0.5129090407687266,0.22445388432442698,4e-06,0,0.0,1.7124209016436343,1,0.3018867924528302
108,3,2,0.7244994364220025,0.11996755708940288,0.0825586101333773,4e-06,1,0.4023376305028862,1.4449082868561836,1,0.7777777777777778
109,7,2,0.7181586231723478,0.09073980833360763,0.17806641376395446,4e-06,0,0.0,1.1814685390895554,1,0.29559748427672955
110,7,2,0.6865757052752541,0.05,0.20514817509318384,4e-06,1,0.49781673422368705,1.6667053493829027,0,0.2893081761006289
111,9,2,0.6712207906686083,0.2049248963187731,0.01,4e-06,0,4.739704218088836e-06,1.3994685749502316,1,0.4050632911392405
112,8,2,0.796816600489896,0.26304652814390944,0.1332128314185153,4e-06,0,0.0,1.4927083358384228,1,0.5949367088607594
113,0,2,0.6881070654920945,0.2529843241904722,0.24741698044536856,4e-06,1,0.31032623935627107,1.5674688112449053,1,0.42857142857142855
114,5,2,0.713785809049442,0.5200497805432399,0.02934883153307722,4e-06,0,4.634448707351165e-06,1.8237269417984725,1,0.13131313131313133
115,1,2,0.6611940192139435,0.4733691303285632,0.19007353008960698,4e-06,0,0.0,1.7671244865067495,1,0.3018867924528302
116,2,2,0.7561528556826622,0.4867239286432345,0.29365136728812136,4e-06,0,0.0,1.783365360715506,1,0.8403361344537815
117,5,2,0.9125887208667962,0.08914688567667486,0.021766337122251254,4e-06,0,0.0,1.17828388319657,1,0.13131313131313133
118,8,2,0.8680933580257255,0.05302722783458458,0.16912412707953364,4e-06,0,0.0,1.106054300759288,1,0.5949367088607594
119,6,2,0.7542295878039811,0.07640302674687495,0.19940595546297696,4e-06,0,7.044803825191132e-07,1.1528053396250906,1,0.7142857142857143
120,1,2,0.8599066360443577,0.24462320123650735,0.04239867293155956,4e-06,0,0.0,1.4645949672322205,1,0.3018867924528302
121,3,2,0.8096585583222756,0.2712054892269715,0.16987997911156452,4e-06,0,0.0,1.5047885409505035,1,0.7878787878787878
122,0,2,0.8722613377100505,0.25889254002425977,0.31105219908193205,4e-06,0,0.0,1.48647413062367,1,0.4369747899159664
123,2,2,0.8198588967857049,0.4690321198826649,0.012665846371967743,4e-06,1,0.7744942912160421,1.9892715924914215,0,0.8319327731092437
124,0,2,0.8294491584091924,0.4733360806030724,0.14787958855043787,4e-06,0,0.0,1.7670842351946066,1,0.4369747899159664
125,5,2,0.8193785889028115,0.5270055369205989,0.2721823801690284,4e-06,1,0.5629529082751756,1.926460916127649,0,0.12121212121212122
126,7,2,0.9238833542134115,0.11645283762489399,0.05563920762458314,4e-06,0,2.4259287119163236e-06,1.232746903299161,1,0.29559748427672955
127,7,2,0.9604814324829752,0.0730091564053674,0.15569530178512328,4e-06,0,1.1285228899008896e-06,1.1460184463747765,1,0.29559748427672955
128,7,2,0.99,0.13743849955178294,0.24242447997091104,4e-06,0,1.399725230889218e-06,1.274182013311344,1,0.29559748427672955
129,7,2,0.9037460935893866,0.2411866323954361,0.017836009357194225,4e-06,1,0.7850888617796914,1.7280675013245057,1,0.2893081761006289
130,7,2,0.99,0.21470155841712094,0.12487609787744422,4e-06,0,2.7229324271769623e-06,1.4161279714334016,1,0.29559748427672955
131,4,2,0.9011050274984038,0.25747108366920823,0.3046389655243933,4e-06,0,0.0,1.4843251887740723,1,0.0
132,4,2,0.9330434499032064,0.45044722555462197,0.01156792379462504,4e-06,0,0.0,1.7391254899573259,1,0.0
133,0,2,0.9825040515101457,0.5072497915946251,0.09675113821073615,4e-06,0,7.147399843979268e-06,1.8082509072334834,1,0.4369747899159664
134,0,2,0.926898444505774,0.5382334165082372,0.2311723739068924,4e-06,0,1.793202931889541e-06,1.845670702282443,1,0.4369747899159664
135,8,3,0.7305170592934774,0.1134429809180861,0.01,4e-06,1,0.4916310299221239,1.5791959771998176,0,0.5822784810126582
136,9,3,0.658627677933024,0.10705828334764791,0.1072879669380282,4e-06,0,1.6342779503539006e-06,1.1605779376922594,1,0.4050632911392405
137,6,3,0.6486946139895791,0.121414604094472,0.25724933565030256,4e-06,1,0.2802203816932268,1.4201809447934775,0,0.7058823529411765
138,5,3,0.7580471539608425,0.23678042735290772,0.05096323021912804,4e-06,0,0.0,1.3514625593590581,1,0.13131313131313133
139,2,3,0.7188454517359971,0.23399642958505826,0.1376508503335137,4e-06,1,0.5193555516939535,1.4293896022254353,0,0.8319327731092437
140,0,3,0.6583765578995027,0.17761659007211528,0.29832810985035685,4e-06,0,3.026156270465339e-06,1.2657208137094438,1,0.4369747899159664
141,2,3,0.6225264783751925,0.4906854807141217,0.04141331150477993,4e-06,0,2.1602549917594775e-06,1.684926259744249,1,0.8403361344537815
142,6,3,0.655464478323126,0.5173868342742943,0.1657352212585826,4e-06,0,0.0,1.7179436382780267,1,0.7142857142857143
143,1,3,0.7821073992778356,0.5051588099731118,0.23988024513794481,4e-06,1,0.6159886849130606,1.8867817614089681,0,0.29559748427672955
144,6,3,0.8746102706787424,0.05,0.05493172108931907,4e-06,0,2.9707293198157753e-06,1.0750023394464152,1,0.7142857142857143
145,9,3,0.8430330906478016,0.1500366283335856,0.11688777906653977,4e-06,1,0.5276654366478699,1.6912830955078932,0,0.3924050632911392
146,6,3,0.8627760105516491,0.07392858256405653,0.2553218834391082,4e-06,1,0.33454853677600427,1.122202260949815,0,0.7058823529411765
147,2,3,0.7823214940332095,0.2494731152056766,0.022927307156224624,4e-06,1,0.5535206261564185,1.432426189712577,0,0.8319327731092437
148,1,3,0.8467364892125951,0.1988304335195345,0.10153024982037966,4e-06,0,0.0,1.296819212915247,1,0.3018867924528302
149,3,3,0.7474102263271774,0.27354532109824403,0.2581710926582272,4e-06,1,0.3643315398964124,1.766931164885344,0,0.7777777777777778
150,5,3,0.7973267915576703,0.5250742368894301,0.060480518676812894,4e-06,0,0.0,1.7274124655641998,1,0.13131313131313133
151,9,3,0.8668075439489975,0.5116310942378605,0.14499216209674304,4e-06,0,0.0,1.710843718344344,1,0.4050632911392405
152,3,3,0.8750034080499262,0.5375517502569559,0.23436031244088146,4e-06,1,0.6579157867676548,1.9106110604831084,0,0.7777777777777778
153,2,3,0.9325837010822414,0.0856269048726406,0.07372405163536967,4e-06,1,0.5363781384705669,1.7355206282758304,0,0.8319327731092437
154,3,3,0.9316463802740279,0.08725678816620727,0.15942231671609397,4e-06,1,0.3949866246030561,1.3179198698200012,0,0.7777777777777778
155,1,3,0.859928908375238,0.07519884859249316,0.22652750998115662,4e-06,1,0.3479946892160096,1.64289417891443,0,0.29559748427672955
156,6,3,0.9114544622252478,0.22254531652462223,0.04396686036443509,4e-06,1,0.3951872152557928,1.9829335903405594,0,0.7058823529411765
157,8,3,0.9087674511891538,0.24829136376359412,0.18147520864324046,4e-06,0,1.0376141999961603e-06,1.3677565555844566,1,0.5949367088607594
158,1,3,0.913577004643142,0.2667564687782267,0.24335391652807598,4e-06,0,0.0,1.3936033264479395,1,0.3018867924528302
159,7,3,0.9780665459235827,0.4689476565787808,0.04963746047635198,4e-06,0,0.0,1.6578758803617581,1,0.29559748427672955
160,1,3,0.9013643630358348,0.4530956615639393,0.17057247105823986,4e-06,0,4.391531000901931e-07,1.6380444555885703,1,0.3018867924528302
161,1,3,0.9461528425230666,0.5338405657204791,0.18157786463884232,4e-06,0,0.0,1.7381917953506612,1,0.3018867924528302
162,3,2,0.6630845423241892,0.14383536600160987,0.058477609487578894,4e-06,0,0.0,1.2866661844288418,1,0.7878787878787878
163,7,2,0.6552185649891789,0.11343441150168132,0.1517482299280634,4e-06,1,0.12637716399253393,1.2996017756257592,0,0.2893081761006289
164,7,2,0.6924931603628619,0.10834431179363882,0.2547435725471533,4e-06,1,0.0,1.2073535135459346,0,0.2893081761006289
165,9,2,0.6352051202243292,0.18258194333977434,0.08005236192954522,4e-06,0,4.8685858754089636e-06,1.3598455150475435,1,0.4050632911392405
166,8,2,0.6591750792194665,0.19420493780363113,0.15297104463021602,4e-06,0,6.532468727178831e-06,1.3807235675440193,1,0.5949367088607594
167,0,2,0.720651902884058,0.23884849910242914,0.22320608135245412,4e-06,1,0.32007470708092095,1.5674735053618618,0,0.42857142857142855
168,5,2,0.6880294118445897,0.4695479628281355,0.1114626695258986,4e-06,0,0.0,1.7624685930863846,1,0.13131313131313133
169,1,2,0.6631659840876348,0.5256505797289184,0.16918879228493705,4e-06,0,3.6665296831547946e-06,1.8304906459731507,1,0.3018867924528302
170,2,2,0.749986610681751,0.5190611342858383,0.27220042708913006,4e-06,1,0.3422628436291077,2.0166429350659527,0,0.8319327731092437
171,5,2,0.7786555548114327,0.10250863232231672,0.03331424123452625,4e-06,0,1.8924223602572506e-06,1.2049744361716814,1,0.13131313131313133
172,8,2,0.917272664772033,0.15186986022657112,0.19077661800886836,4e-06,0,0.0,1.3022197940905649,1,0.5949367088607594
173,6,2,0.850482127224073,0.10608391830693338,0.2171958588861405,4e-06,1,0.9502083279847887,1.7902228170489507,0,0.7058823529411765
174,1,2,0.8524154371369767,0.21092043649496606,0.04846408664550209,4e-06,1,0.7063184863715463,1.6326291973946176,1,0.29559748427672955
175,3,2,0.8857685331405364,0.25034336317274397,0.1574636192940325,4e-06,0,0.0,1.473454999156465,1,0.7878787878787878
176,0,2,0.8418834406081781,0.2175271840783514,0.24546844367179213,4e-06,1,0.4153687043507066,1.558206601638434,0,0.42857142857142855
177,2,2,0.8704488725819014,0.5117379397979971,0.01,4e-06,1,0.7885915627299964,2.007715854510869,0,0.8319327731092437
178,0,2,0.889828055435997,0.5317767121668896,0.18077510528655716,4e-06,1,0.5976361723825219,1.9822177911832959,1,0.42857142857142855
179,5,2,0.8066520469056776,0.5103381471425107,0.2613784010309549,4e-06,0,6.503722718238452e-06,1.8119874438568198,1,0.13131313131313133
180,7,2,0.99,0.09603314030406485,0.012673823634173922,4e-06,0,4.927019354729757e-06,1.1920478271621948,1,0.29559748427672955
181,7,2,0.9419166701844238,0.08266317675767033,0.15758654444909695,4e-06,0,4.667246914256227e-06,1.165325856244201,1,0.29559748427672955
182,7,2,0.924877356650985,0.10934358502910319,0.23794022259612385,4e-06,0,0.0,1.2186010106946064,1,0.29559748427672955
183,7,2,0.904422839956337,0.23556276628403763,0.09313330819749388,4e-06,0,0.0,1.4503038570536846,1,0.29559748427672955
184,7,2,0.9627275795069831,0.21513761461797137,0.08650036653088407,4e-06,0,2.640471181755097e-06,1.416861321371589,1,0.29559748427672955
185,4,2,0.9512366911213079,0.24647167433724637,0.2864256948678551,4e-06,0,0.0,1.4674718415654207,1,0.0
186,4,2,0.9658373549772329,0.5468431460541072,0.016166577053248588,4e-06,0,6.799335040202873e-06,1.8560479909237717,1,0.0
187,0,2,0.9142261581568988,0.4902121398493088,0.19282455851053515,4e-06,0,0.0,1.7876000910164147,1,0.4369747899159664
188,0,2,0.9365624309983941,0.5571518064219341,0.2510672943095387,4e-06,0,0.0,1.8684605994824448,1,0.4369747899159664
189,8,3,0.7052423130418457,0.11096423417928504,0.14536561038102608,4e-06,1,0.29822223624025723,1.303355705415523,0,0.5822784810126582
190,9,3,0.6717094188019415,0.12906993610827575,0.13914502388746974,4e-06,1,0.3147657781301195,1.5106237925290342,0,0.3924050632911392
191,6,3,0.7012434235108461,0.10835727743535419,0.2504195566559588,4e-06,1,0.12741615950393545,1.194264152202881,0,0.7058823529411765
192,5,3,0.716998635897446,0.19189099201883755,0.06999718005828601,4e-06,1,0.544904529772491,1.4094533176547628,0,0.12121212121212122
193,2,3,0.6976635502456526,0.2525194300994336,0.12919481506283156,4e-06,1,0.5717447412218846,1.6342181928182835,0,0.8319327731092437
194,0,3,0.6463129933451637,0.23779168753682323,0.23245377595200997,4e-06,1,0.2570311675096315,1.4708520119106694,0,0.42857142857142855
195,2,3,0.6596842820150581,0.5217284803236868,0.051890071050040995,4e-06,1,0.6386492762635997,1.7848647957609796,0,0.8319327731092437
196,6,3,0.6216563423841187,0.49963042121212065,0.14337098046640936,4e-06,0,0.0,1.6960086833087489,1,0.7142857142857143
197,1,3,0.7090223935804072,0.528429488295449,0.21666685297247326,4e-06,0,0.0,1.7315404454683945,1,0.3018867924528302
198,6,3,0.8062670456845047,0.10866750001506122,0.08734842135939336,4e-06,1,0.27015971224026897,1.5753890154116643,0,0.7058823529411765
199,9,3,0.7818402854955849,0.07500889831611966,0.13326813337514354,4e-06,1,0.15871715433480052,1.2366287588828486,0,0.3924050632911392
200,6,3,0.8515432449192366,0.0906476100753266,0.2814801883163022,4e-06,1,0.31097311524464444,1.4747780949518106,0,0.7058823529411765
201,2,3,0.8691550215408185,0.2039307379022164,0.06169075115960007,4e-06,1,0.577435093172358,1.5748757523901133,0,0.8319327731092437
202,1,3,0.8441023004032733,0.2976482832144779,0.13133377664115845,4e-06,1,0.5269043911339876,1.760949918335201,0,0.29559748427672955
203,3,3,0.7989193422011909,0.2520975874298448,0.21771264399043697,4e-06,1,0.4385693443062469,1.3461562646999996,0,0.7777777777777778
204,5,3,0.8658813320006197,0.5166674626595037,0.03133496899237226,4e-06,0,0.0,1.7170567617804393,1,0.13131313131313133
205,9,3,0.9074520702625316,0.5158824022137717,0.19090286136257095,4e-06,0,0.0,1.7160887409452286,1,0.4050632911392405
206,3,3,0.8372837380548614,0.4739898423102972,0.25357677583382177,4e-06,1,0.36044151993266627,1.7598618137298014,0,0.7777777777777778
207,2,3,0.99,0.09490840610738865,0.062413769515706416,4e-06,1,0.19224309002299153,1.3700138330352658,0,0.8319327731092437
208,3,3,0.9530285315182733,0.10018050041308214,0.16344972197919477,4e-06,1,0.39595862476234256,1.246882053077851,0,0.7777777777777778
209,1,3,0.9623848032763667,0.11768640658106808,0.21547406472443298,4e-06,1,0.6700419616019743,1.9159513046994807,0,0.29559748427672955
210,6,3,0.9876115785953435,0.2759790591525146,0.05634829198385151,4e-06,1,0.28807361885598226,1.4861662860960443,0,0.7058823529411765
211,8,3,0.99,0.2586807747087133,0.13932905053286895,4e-06,1,0.2896465314026792,1.5344802472937669,0,0.5822784810126582
212,1,3,0.8327762249658889,0.26148657209155146,0.1405476152435565,4e-06,0,0.0,1.3862627031585142,1,0.3018867924528302
213,7,3,0.9691011734906718,0.46512713659580207,0.02863693874363184,4e-06,1,0.25832176199070694,1.7833913881682228,0,0.2893081761006289
214,1,3,0.9306387947370929,0.5672876093720896,0.1499424044047096,4e-06,0,0.0,1.7791569506492058,1,0.3018867924528302
215,1,3,0.9552410846477367,0.469929680579276,0.24670817644917128,4e-06,1,0.3555788358571703,2.032904178780965,0,0.29559748427672955
216,3,2,0.6454103339119374,0.0923250378597753,0.027734237180076903,4e-06,1,0.792847531011414,1.877299364530038,0,0.7777777777777778
217,7,2,0.6886881700340971,0.09681454208132272,0.15669366055218498,4e-06,0,4.7911625340329214e-06,1.1936084844884236,1,0.29559748427672955
218,7,2,0.6600115108532247,0.06875237102136185,0.2831403764620759,4e-06,0,2.5644830980643864e-06,1.137506220105745,1,0.29559748427672955
219,9,2,0.7177525083753241,0.2639010941809806,0.01,4e-06,0,0.0,1.4939836891892178,1,0.4050632911392405
220,8,2,0.7294233236971349,0.2612315935511879,0.16895944451284184,4e-06,0,0.0,1.489991679543086,1,0.5949367088607594
221,0,2,0.6878952096211821,0.23551629523826065,0.2761166682825918,4e-06,0,0.0,1.4502296704675173,1,0.4369747899159664
222,5,2,0.7717748021840143,0.5394442361451771,0.04670797455109449,4e-06,0,1.6351168909148787e-06,1.8471304262155424,1,0.13131313131313133
223,1,2,0.7048471179719784,0.5039229256373463,0.17471259395628547,4e-06,0,7.866415699499494e-06,1.804223878062317,1,0.3018867924528302
224,2,2,0.6708285225450535,0.4875658080249242,0.2690173113320123,4e-06,1,0.10549463546874142,1.8121006978853036,0,0.8319327731092437
225,5,2,0.8768031696880876,0.08875475611307172,0.07268744490889419,4e-06,1,0.996382911866926,1.8785050672960675,1,0.12121212121212122
226,8,2,0.8006074765235408,0.14326914373558733,0.1349776576872925,4e-06,0,0.0,1.2855638240440563,1,0.5949367088607594
227,6,2,0.8091581935728671,0.10156519955972601,0.2417844848336129,4e-06,1,0.22159517671177872,1.3355657856117422,0,0.7058823529411765
228,1,2,0.8747880786192992,0.2601962608357811,0.05948143611932859,4e-06,0,0.0,1.4884370033932912,1,0.3018867924528302
229,3,2,0.7656818663289022,0.23906685243206616,0.08459369806531578,4e-06,1,0.6668336733631284,1.607269786934809,0,0.7777777777777778
230,0,2,0.8498146811110262,0.2813659682436904,0.2856290317816336,4e-06,1,0.3562942654222645,1.6058475842822895,1,0.42857142857142855
231,2,2,0.8694064445018295,0.4841624708802706,0.04995822045669954,4e-06,0,0.0,1.7802538851293743,1,0.8403361344537815
232,0,2,0.827689146160423,0.5241703591772751,0.17032204106076906,4e-06,1,0.4246954527013425,1.9230177341292065,0,0.42857142857142855
233,5,2,0.8779426538148601,0.5030577766211797,0.22713029625917044,4e-06,0,8.057661339298242e-06,1.80317631412432,1,0.13131313131313133
234,7,2,0.9284934969238791,0.11627783389875881,0.021331244977958068,4e-06,0,2.4402305519330046e-06,1.2323991911733736,1,0.29559748427672955
235,7,2,0.941837256622446,0.10328943263722026,0.2233539043517675,4e-06,0,1.5221888089088245e-06,1.2065321111566683,1,0.29559748427672955
236,7,2,0.99,0.10449527241961841,0.26233515754047887,4e-06,1,0.8368871210711575,1.7056855357785312,1,0.2893081761006289
237,7,2,0.9438525958255193,0.29362150544372373,0.03630586567325833,4e-06,0,9.064574816407008e-07,1.5369678828433861,1,0.29559748427672955
238,7,2,0.924225315191479,0.2481924446079614,0.11784112343129341,4e-06,0,0.0,1.4701379351545547,1,0.29559748427672955
239,4,2,0.9469057528071658,0.2440934290388827,0.2165614911079622,4e-06,0,0.0,1.4637680045135042,1,0.0
240,4,2,0.8862882296111388,0.47261366039843516,0.056803581383274064,4e-06,0,0.0,1.7662043208401745,1,0.0
241,0,2,0.9265365965971639,0.5430590046993632,0.15731257441204943,4e-06,1,0.6349389538805482,1.9959867474575328,0,0.42857142857142855
242,0,2,0.967303778069046,0.5018574945103987,0.25331187176836656,4e-06,0,8.325857154796318e-06,1.8017227181560713,1,0.4369747899159664
243,8,3,0.6382549918991167,0.11959734649843681,0.0416989972974286,4e-06,1,0.35080211036338504,1.6050411271463514,0,0.5822784810126582
244,9,3,0.7003402250689261,0.12384796758746883,0.15541091829079193,4e-06,0,0.0,1.1857285863763176,1,0.4050632911392405
245,6,3,0.6973168628179489,0.14737556508944896,0.2648366996596856,4e-06,0,0.0,1.2208755954264823,1,0.7142857142857143
246,5,3,0.7496783998725524,0.2839029794921354,0.06842297531337871,4e-06,1,0.5096640041268201,1.7087320697564532,0,0.12121212121212122
247,2,3,0.6561064930181182,0.2710216947057876,0.10932558086620338,4e-06,1,0.4170414702303659,1.5506122463579333,0,0.8319327731092437
248,0,3,0.7521426027123235,0.27520660488082593,0.2946219486905759,4e-06,0,0.0,1.4053140506189408,1,0.4369747899159664
249,2,3,0.6903825121171863,0.5030609389172173,0.052369661490200295,4e-06,1,0.6088448629043273,2.0416714218719316,0,0.8319327731092437
250,6,3,0.6855491829998621,0.5105610341540877,0.12034118551696181,4e-06,1,0.5629764275406276,1.9112426465451702,0,0.7058823529411765
251,1,3,0.6700074664686193,0.4929251191347544,0.24447472760454336,4e-06,0,1.1420003174309225e-06,1.6877036577007445,1,0.3018867924528302
252,6,3,0.9208536496907074,0.09704661993076362,0.04268311669467987,4e-06,0,3.7867742749715006e-06,1.1455687840005804,1,0.7142857142857143
253,9,3,0.8394770630217459,0.07942441971470073,0.1914512278013339,4e-06,1,0.20249254218521934,1.2868127629590889,0,0.3924050632911392
254,6,3,0.90153776997273,0.10185113902151105,0.2511168350926473,4e-06,1,0.4485689548386925,1.2704996889519813,0,0.7058823529411765
255,2,3,0.9187518001219943,0.18041167819746345,0.01,4e-06,1,0.21199452764699533,1.2985179121050126,0,0.8319327731092437
256,1,3,0.8505811152775027,0.27070313274292035,0.16419261594082424,4e-06,1,0.2385082806110139,1.6924210599205614,0,0.29559748427672955
257,3,3,0.8912078161261092,0.25552173493814695,0.27887972717460524,4e-06,1,0.3520611799439865,1.7096758478944494,0,0.7777777777777778
258,5,3,0.8275406789286847,0.5209345051700002,0.05331839367736033,4e-06,0,0.0,1.7223153528796857,1,0.13131313131313133
259,9,3,0.7519651148583966,0.4574694748952129,0.11438788720876888,4e-06,0,3.1812821321880124e-07,1.643526600613039,1,0.4050632911392405
260,3,3,0.8398156732093588,0.4547802305668086,0.22044525903067522,4e-06,1,0.5418265946704762,1.8395919768823383,0,0.7777777777777778
261,2,3,0.99,0.08764751746946053,0.039092501290796035,4e-06,1,0.17864817860462895,1.2304126466083796,0,0.8319327731092437
262,3,3,0.8736747834709893,0.09649359440774428,0.12006444050267923,4e-06,1,0.3260742956898881,1.3500979723855633,0,0.7777777777777778
263,1,3,0.9195210216675896,0.10445881285908493,0.26098628793351814,4e-06,0,2.3504764033826914e-06,1.1566815862841173,1,0.3018867924528302
264,6,3,0.8971804406337185,0.2756405719040669,0.025993649101944495,4e-06,1,0.6476618610877196,1.6985091605850482,0,0.7058823529411765
265,8,3,0.8949445000368821,0.24051406886256435,0.16096091226191303,4e-06,1,0.6421600196731677,1.963485431920004,0,0.5822784810126582
266,1,3,0.9443604841022232,0.2959533667180316,0.28022532312959675,4e-06,0,0.0,1.4337600981922227,1,0.3018867924528302
267,7,3,0.99,0.5588145380234908,0.013160003575325083,4e-06,0,0.0,1.7688019296038162,1,0.29559748427672955
268,1,3,0.99,0.46825156847487087,0.11032376600124963,4e-06,0,0.0,1.657007158089023,1,0.3018867924528302
269,1,3,0.9459041317355561,0.48048309138783224,0.22977362614826474,4e-06,0,0.0,1.6722511338341388,1,0.3018867924528302
270,3,2,0.6648196148536423,0.16844898631828187,0.05892533213556665,4e-06,1,0.6426105936364593,1.6276704217511446,0,0.7777777777777778
271,7,2,0.692561732912558,0.07859338055888936,0.07044874995242394,4e-06,1,0.6492620605861548,1.5762701416003264,1,0.2893081761006289
272,7,2,0.6275752528007842,0.05,0.21413923077105693,4e-06,0,1.590758235291997e-07,1.1000001174932987,1,0.29559748427672955
273,9,2,0.7516225504928469,0.26232947730702627,0.07347676477145478,4e-06,1,0.5526627608042595,1.6562632795977001,1,0.3924050632911392
274,8,2,0.7209580381677068,0.2718614270222304,0.1327005812329892,4e-06,0,0.0,1.5057506077913918,1,0.5949367088607594
275,0,2,0.6780178951547966,0.21631694703187015,0.21447615004305182,4e-06,1,0.048978552770963475,1.4326092491827327,0,0.42857142857142855
276,5,2,0.6086071785801872,0.5025951662576439,0.05981029606367945,4e-06,0,8.16063603954939e-06,1.802616104827418,1,0.13131313131313133
277,1,2,0.7228214814455394,0.518545721439959,0.19655640360367466,4e-06,0,4.908250231140564e-06,1.8219098032109593,1,0.3018867924528302
278,2,2,0.6599483426897382,0.5505075862861407,0.23407070486332857,4e-06,1,0.21143555727062632,1.9049619040987325,0,0.8319327731092437
279,5,2,0.8335140248617213,0.05,0.04485306469350955,4e-06,0,1.590758235291997e-07,1.100000117493245,1,0.13131313131313133
280,8,2,0.8886919694337109,0.14550377971417744,0.12609267032109928,4e-06,0,0.0,1.2899099498911912,1,0.5949367088607594
281,6,2,0.8248606107945284,0.12323484111596114,0.24884385214469762,4e-06,1,0.3257493653661932,1.263859465810664,0,0.7058823529411765
282,1,2,0.8307107008518831,0.2799800899742347,0.05292240238873346,4e-06,0,9.572035838162722e-07,1.5175529410662452,1,0.3018867924528302
283,3,2,0.8480176464979367,0.24653503362103196,0.12491828655462638,4e-06,0,0.0,1.4675702165576865,1,0.7878787878787878
284,0,2,0.8760099602231346,0.267806640847167,0.29610896961752936,4e-06,0,0.0,1.4997820096409318,1,0.4369747899159664
285,2,2,0.8649220927373671,0.48129197932225365,0.05070065948343667,4e-06,1,0.9325615462235044,2.037297687080704,0,0.8319327731092437
286,0,2,0.914802812365442,0.5109109445102888,0.14345912615686734,4e-06,0,6.386902743995895e-06,1.8126802763659782,1,0.4369747899159664
287,5,2,0.7694358962053884,0.5238751596565933,0.25181405344352104,4e-06,0,3.964487875690605e-06,1.8283470805824202,1,0.13131313131313133
288,7,2,0.896944155867258,0.09930298867448902,0.11010528231204025,4e-06,0,5.2996891551151355e-06,1.1985779541643902,1,0.29559748427672955
289,7,2,0.9324378435958024,0.08816281444391819,0.08612406332399947,4e-06,0,2.59306443620397e-06,1.1763194739105982,1,0.29559748427672955
290,7,2,0.9838193243392741,0.052731420184881556,0.2301574932307955,4e-06,1,0.7296200993806711,1.7000054216850586,1,0.2893081761006289
291,7,2,0.9521392650728759,0.18746793535034578,0.06842811315071193,4e-06,0,6.393746516184149e-06,1.3686908430031133,1,0.29559748427672955
292,7,2,0.9399558964785235,0.17557874470046375,0.12010744121992831,4e-06,0,3.524505436130799e-07,1.3469997996513456,1,0.29559748427672955
293,4,2,0.9360990635122591,0.21459997664598224,0.27413710904754507,4e-06,0,2.742283956600052e-06,1.4159570150421776,1,0.0
294,4,2,0.9661581608294244,0.5169638125750728,0.1050867751919006,4e-06,0,5.202495351614182e-06,1.8199982345339811,1,0.0
295,0,2,0.8905977808349025,0.5357124068988123,0.12718473455785906,4e-06,0,2.134837216333542e-06,1.8426309104001835,1,0.4369747899159664
296,0,2,0.9491100882060315,0.45311346963980453,0.2568631008678681,4e-06,0,0.0,1.742391541308653,1,0.4369747899159664
297,8,3,0.6364440974328509,0.09628572117011022,0.07226086708938473,4e-06,1,0.2117440868572552,1.3066153282128792,0,0.5822784810126582
298,9,3,0.6570093594472914,0.1262963081224456,0.15810286302591858,4e-06,0,0.0,1.1893924953603472,1,0.4050632911392405
299,6,3,0.7187421111402481,0.11973664031299538,0.3313223658165498,4e-06,1,0.24516692914372692,1.7297136786300518,0,0.7058823529411765
300,5,3,0.6680846894552601,0.26283389194741397,0.06316973088166684,4e-06,0,0.0,1.3881421689653397,1,0.13131313131313133
301,2,3,0.7923937768836031,0.2598053041116407,0.12803143855793772,4e-06,1,0.5621240719393492,1.6969304925338295,0,0.8319327731092437
302,0,3,0.6956341939375466,0.24241355661046507,0.2668681861574348,4e-06,0,2.8163489454069024e-06,1.359455322191413,1,0.4369747899159664
303,2,3,0.7288746059110892,0.5573886442319526,0.06398532986591933,4e-06,1,0.5877184663312377,1.9181505013776405,0,0.8319327731092437
304,6,3,0.6797157887828703,0.48768980079964674,0.14238111965856656,4e-06,1,0.6331164236203034,1.916748079735069,0,0.7058823529411765
305,1,3,0.6306716358716407,0.525860001512364,0.23860940424572316,4e-06,0,0.0,1.728379451513896,1,0.3018867924528302
306,6,3,0.8049204835919654,0.13985893200548308,0.0873690488051562,4e-06,1,0.4409894890464975,1.3807873347584758,0,0.7058823529411765
307,9,3,0.8831648428426421,0.11214565262907127,0.10184186258602296,4e-06,1,0.4519119561051416,1.6832646496088326,0,0.3924050632911392
308,6,3,0.8645813795613305,0.11668225821469452,0.25531784100846566,4e-06,0,0.0,1.1749971296437949,1,0.7142857142857143
309,2,3,0.8990413563964271,0.16398835138651768,0.04047684335486954,4e-06,1,0.40820984609080957,1.7621530804903547,0,0.8319327731092437
310,1,3,0.7799160570909212,0.2528254917469694,0.18746273317231518,4e-06,1,0.4678534227565078,1.5088575245929132,0,0.29559748427672955
311,3,3,0.8133670609081425,0.22984263928960968,0.2943218090251011,4e-06,1,0.39177118399203936,1.441978313429835,0,0.7777777777777778
312,5,3,0.868488499560425,0.4438634565181704,0.1058695268418464,4e-06,0,7.859317058940752e-07,1.6264467679181218,1,0.13131313131313133
313,9,3,0.8730218603999957,0.4577054171315657,0.1854759222525797,4e-06,1,0.612172592899476,2.155650194508914,0,0.3924050632911392
314,3,3,0.8418372193980626,0.4852503315510355,0.23258045791763246,4e-06,1,0.5174390930657605,2.1751724516046482,0,0.7777777777777778
315,2,3,0.9760699256561216,0.09973615931543287,0.06539599433231544,4e-06,1,0.18753335805529062,1.3967086762585155,0,0.8319327731092437
316,3,3,0.99,0.05296208750708505,0.18782811970688953,4e-06,1,0.593767722297686,1.9225762037012135,0,0.7777777777777778
317,1,3,0.99,0.12986470848835954,0.27913417020468734,4e-06,0,3.454756861111791e-07,1.194731498660226,1,0.3018867924528302
318,6,3,0.941310953671253,0.24371773518881176,0.06171591788958552,4e-06,1,0.2501613407791026,1.4787595706526702,0,0.7058823529411765
319,8,3,0.9135422550745084,0.2747328118715494,0.17763452239184377,4e-06,0,0.0,1.4046593754103656,1,0.5949367088607594
320,1,3,0.9798199562609993,0.24187215609526574,0.22213032498608262,4e-06,1,0.6821058164518352,1.9286445843217408,0,0.29559748427672955
321,7,3,0.959477944461838,0.4974965365032022,0.03680036886410874,4e-06,0,0.0,1.6933673476979247,1,0.29559748427672955
322,1,3,0.9001073012122331,0.533625219542095,0.13006121999810608,4e-06,1,0.5152862412096927,1.8879501064850261,0,0.29559748427672955
323,1,3,0.99,0.4956791701983597,0.25870121189450607,4e-06,0,0.0,1.6911166002946747,1,0.3018867924528302
324,3,2,0.7606576040235761,0.09080303136138827,0.03220339445388923,4e-06,1,0.49199699104943423,1.7307089012612422,0,0.7777777777777778
325,7,2,0.6957910346299652,0.08814267564989586,0.19401543752127126,4e-06,0,2.6023560699066772e-06,1.1762792238560973,1,0.29559748427672955
326,7,2,0.7919835637214927,0.10272227691256519,0.3035595518267418,4e-06,0,1.789137872444449e-06,1.205400674466369,1,0.29559748427672955
327,9,2,0.671015557939291,0.22438722332237765,0.06379117865044963,4e-06,0,1.1477284343954948e-06,1.4322243456416728,1,0.4050632911392405
328,8,2,0.7016102600800185,0.21140819994748908,0.10919224901132019,4e-06,1,0.6271732873777949,1.6332190301280256,1,0.5822784810126582
329,0,2,0.7043794143778834,0.28375131765124073,0.24959752639225574,4e-06,0,9.850799531145313e-07,1.5229702228152813,1,0.4369747899159664
330,5,2,0.692369581586618,0.4951160301010218,0.11287996250676319,4e-06,0,9.89217004664777e-06,1.793553175251748,1,0.13131313131313133
331,1,2,0.7682341072217825,0.5134993502403964,0.16689939220549274,4e-06,0,5.8691511250953345e-06,1.815810413472913,1,0.3018867924528302
332,2,2,0.7131977415462906,0.5233282859083561,0.22571541043321702,4e-06,1,0.17162035064594386,1.855423941395715,0,0.8319327731092437
333,5,2,0.8631347189132615,0.10536222889858982,0.031511207354236764,4e-06,0,6.449779818883105e-07,1.2106660805864968,1,0.13131313131313133
334,8,2,0.8250983938933778,0.06784896019414768,0.13939155775159068,4e-06,1,0.7070367124707833,1.6345765845963398,1,0.5822784810126582
335,6,2,0.8039965802339054,0.12135931068973155,0.2145556279621354,4e-06,0,1.7420988791246833e-06,1.2424837794534274,1,0.7142857142857143
336,1,2,0.8250158636713928,0.2897544018662452,0.059908698368497756,4e-06,0,9.557722403856324e-07,1.5315137816047417,1,0.3018867924528302
337,3,2,0.7657123061068125,0.24870599231077278,0.20992542533414288,4e-06,1,0.2498350699007285,1.5421237310880638,1,0.7777777777777778
338,0,2,0.8527165267667735,0.2664438513892659,0.2768681572994304,4e-06,1,0.655586848938868,1.6991377834484815,1,0.42857142857142855
339,2,2,0.8584116516434458,0.4785537031430747,0.08936075786659742,4e-06,0,0.0,1.7734350344113647,1,0.8403361344537815
340,0,2,0.7726187705714753,0.4619595824946801,0.06750971941108273,4e-06,0,0.0,1.7532094241585745,1,0.4369747899159664
341,5,2,0.8330214916087241,0.5323663711708921,0.28595559509550084,4e-06,1,0.33415087037108115,1.8330429980362317,0,0.12121212121212122
342,7,2,0.8646122533009257,0.11851844741476776,0.06666080685525727,4e-06,0,2.189223529209912e-06,1.2368489399795646,1,0.29559748427672955
343,7,2,0.9034068761415583,0.16026266158555416,0.12121716740574395,4e-06,0,0.0,1.318277225832082,1,0.29559748427672955
344,7,2,0.8825060922234659,0.07209205938189849,0.29549105940176007,4e-06,0,1.1938671609387514e-06,1.144184402670183,1,0.29559748427672955
345,7,2,0.9594782155487698,0.24685125531999483,0.09091550974798068,4e-06,0,0.0,1.4680609138313745,1,0.29559748427672955
346,7,2,0.8787704756974611,0.22590279724144885,0.16653575186105082,4e-06,1,0.4730127086122739,1.5899572029675664,0,0.2893081761006289
347,4,2,0.921026299223672,0.2325483595239326,0.23903591217657325,4e-06,0,3.0798590474617346e-07,1.4454792107372625,1,0.0
348,4,2,0.9248651556752208,0.4781416854422142,0.07314599779285758,4e-06,0,0.0,1.772933802560937,1,0.0
349,0,2,0.9343184081651706,0.5041977293611734,0.12550274677633275,4e-06,0,7.806033883871506e-06,1.804556593991997,1,0.4369747899159664
350,0,2,0.9123911516429712,0.4809556050808563,0.21509578600623186,4e-06,1,0.9363726581735282,2.0701518018205474,1,0.42857142857142855
351,8,3,0.6365160679680703,0.10075386133648101,0.04340192614200994,4e-06,1,0.28417036871349,1.0760575583266085,0,0.5822784810126582
352,9,3,0.6994824492758565,0.05639202160205108,0.11212832103428502,4e-06,1,0.2975539263568928,1.331853158149918,0,0.3924050632911392
353,6,3,0.6114325051582798,0.1103717973940474,0.2856886601586293,4e-06,1,0.017693382090564258,1.4502135423932658,0,0.7058823529411765
354,5,3,0.7220080998410576,0.22890792757306594,0.0464190140216937,4e-06,0,0.0,1.340243335841828,1,0.13131313131313133
355,2,3,0.737710632049011,0.22045015216826674,0.1363341646498971,4e-06,1,0.5172897153146913,1.5764185328023386,0,0.8319327731092437
356,0,3,0.6436012118766449,0.2447848689971615,0.2281126841759306,4e-06,0,9.85473586537551e-07,1.3628081642827092,1,0.4369747899159664
357,2,3,0.7128339858529842,0.5071580237278533,0.09733304614795658,4e-06,1,0.5333955529727495,2.134706635192819,0,0.8319327731092437
358,6,3,0.6978026053518832,0.5339806946155876,0.18793619428014108,4e-06,1,0.5559843303222746,2.0119626815342255,0,0.7058823529411765
359,1,3,0.7543248438346903,0.515242373155972,0.2558578909443932,4e-06,0,0.0,1.7152994273473041,1,0.3018867924528302
360,6,3,0.8346479629716902,0.10864657189270974,0.042428776250465504,4e-06,1,0.517922700402883,1.258130303245747,0,0.7058823529411765
361,9,3,0.82287713886026,0.11596388121644316,0.23742733945246258,4e-06,0,3.3753955485569744e-06,1.1739245459070096,1,0.4050632911392405
362,6,3,0.8629605009675991,0.07719429734143284,0.2673220773255775,4e-06,1,0.3382541245548826,1.3291775740050582,0,0.7058823529411765
363,2,3,0.8970202630603512,0.2557726335330454,0.08396156865242535,4e-06,1,0.3589525935636276,1.4768861471907953,0,0.8319327731092437
364,1,3,0.9136180919166409,0.2612518645567702,0.18233530067235545,4e-06,0,0.0,1.3859351014760184,1,0.3018867924528302
365,3,3,0.8558375317657909,0.2494888633198761,0.2584920576402997,4e-06,0,9.147417833357827e-07,1.3694434944159373,1,0.7878787878787878
366,5,3,0.779391187387886,0.5292145721515192,0.050248457298737816,4e-06,0,0.0,1.7325059275904273,1,0.13131313131313133
367,9,3,0.8701219467350746,0.4275767644690689,0.16945182033716139,4e-06,1,0.4416236291530625,1.649108417385409,0,0.3924050632911392
368,3,3,0.852138316504699,0.49642493488016237,0.2850861444188165,4e-06,1,0.6499081815489787,1.9105570092363136,0,0.7777777777777778
369,2,3,0.9297358921611518,0.13818648306263992,0.0660889090754268,4e-06,1,0.547654558253989,1.338342549595976,0,0.8319327731092437
370,3,3,0.9405421432014194,0.0529846872824366,0.16165422602554622,4e-06,0,1.3196422935762457e-06,1.0794780575245329,1,0.7878787878787878
371,1,3,0.9551448636996506,0.1716085539872177,0.21699593338827083,4e-06,0,0.0,1.2568494075504986,1,0.3018867924528302
372,6,3,0.99,0.28574168920874243,0.02911363845260301,4e-06,1,0.25440018257357383,1.5521762172268048,0,0.7058823529411765
373,8,3,0.9612782346957662,0.22903958692045512,0.14732038791897795,4e-06,0,0.0,1.3404315135654372,1,0.5949367088607594
374,1,3,0.9554049380747233,0.26350062020265497,0.24317741762068348,4e-06,0,0.0,1.3890715363666726,1,0.3018867924528302
375,7,3,0.964581001519712,0.4782195470689707,0.04158198659485808,4e-06,1,0.26106800134851427,1.7303814862637108,0,0.2893081761006289
376,1,3,0.9089835948888838,0.4838656596092858,0.18685262436840452,4e-06,1,0.6335337119788043,2.08614123769423,0,0.29559748427672955
377,1,3,0.9284673518855368,0.5074384268255563,0.24575813493568593,4e-06,0,9.023177569689088e-08,1.7056661368016774,1,0.3018867924528302
378,3,2,0.6786075464712576,0.05282415249992678,0.01,4e-06,1,0.5357291402348151,1.4981340328847899,1,0.7777777777777778
379,7,2,0.6500376011728779,0.11230636047038654,0.13602695505425766,4e-06,1,0.3313543463218343,1.4072985259742172,0,0.2893081761006289
380,7,2,0.6304914161945147,0.10610899536129405,0.21616140929482994,4e-06,0,3.6698259126132374e-07,1.2121549627903614,1,0.29559748427672955
381,9,2,0.6069851450050285,0.2571047835036408,0.10708722386822503,4e-06,0,0.0,1.4837705418671514,1,0.4050632911392405
382,8,2,0.7103923142722204,0.28074765079376196,0.1450813949991901,4e-06,0,9.665510028901526e-07,1.5186587515879992,1,0.5949367088607594
383,0,2,0.7256396287757989,0.24660494770813307,0.21961948445835516,4e-06,0,0.0,1.4676787398040698,1,0.4369747899159664
384,5,2,0.6766527857277527,0.4841472160665342,0.06818873468326125,4e-06,0,0.0,1.7802353498919654,1,0.13131313131313133
385,1,2,0.6440925534752638,0.4801189577493421,0.2076883858219973,4e-06,1,0.15223203943779717,1.7697970070474214,0,0.29559748427672955
386,2,2,0.7039041596998176,0.47178409353496353,0.2341218307990032,4e-06,0,0.0,1.7651937164080378,1,0.8403361344537815
387,5,2,0.8463651628149614,0.09907502457747447,0.043568746708846584,4e-06,0,2.019007637587724e-06,1.198120943034118,1,0.13131313131313133
388,8,2,0.8293395703135666,0.1274387216196054,0.10894997107346646,4e-06,1,0.4061152443491554,1.454984525200424,1,0.5822784810126582
389,6,2,0.8544540171759244,0.08834100456799546,0.29432180994924007,4e-06,0,2.498897528780912e-06,1.1766756011097264,1,0.7142857142857143
390,1,2,0.7975278733689115,0.27013684034841096,0.026760444312138112,4e-06,1,0.888110082172998,1.7598498402168419,0,0.29559748427672955
391,3,2,0.8303301032107946,0.27678567448968866,0.12676469815459812,4e-06,0,0.0,1.5129314596790686,1,0.7878787878787878
392,0,2,0.8237451642580756,0.23303083754934883,0.2829757466664344,4e-06,0,2.3370111671801815e-06,1.4462548090832135,1,0.4369747899159664
393,2,2,0.9407057681559702,0.4690784890420298,0.05211257381981867,4e-06,0,0.0,1.7618962678173715,1,0.8403361344537815
394,0,2,0.8188957628900693,0.4810975246923299,0.11828535377585177,4e-06,0,0.0,1.776528681566,1,0.4369747899159664
395,5,2,0.8013312632645437,0.525263808774129,0.22246739387747458,4e-06,0,3.7307349773800093e-06,1.8300237131395103,1,0.13131313131313133
396,7,2,0.9319446219614241,0.10216052925751157,0.011139764466018949,4e-06,0,2.06359744277193e-06,1.2042799055753732,1,0.29559748427672955
397,7,2,0.9618766348294444,0.05959592353661304,0.1563200063317386,4e-06,0,2.4629746865283053e-06,1.1191935629833618,1,0.29559748427672955
398,7,2,0.99,0.12427584195559518,0.2528631711546321,4e-06,0,1.2505216401436387e-06,1.2482596652543732,1,0.29559748427672955
399,7,2,0.9775104452639949,0.2863865107516947,0.08327509434476395,4e-06,0,9.812860139004106e-07,1.5267324199733818,1,0.29559748427672955
400,7,2,0.9620620922725162,0.2804654564944879,0.10024993303253264,4e-06,1,0.811771329256397,1.8638557519104502,1,0.2893081761006289
401,4,2,0.9379694166061305,0.19443514433796394,0.24022905669778813,4e-06,0,6.511954800064363e-06,1.3811313240618244,1,0.0
402,4,2,0.9440771038180897,0.4830958572372479,0.036709635402755986,4e-06,0,0.0,1.7789577662879197,1,0.0
403,0,2,0.9378229294857333,0.48771053214895993,0.15277062114763373,4e-06,1,0.792925140296218,2.0616745090608415,0,0.42857142857142855
404,0,2,0.9690814050890583,0.4999831070863112,0.25119080579792685,4e-06,0,8.751254121472837e-06,1.799452189668667,1,0.4369747899159664
405,8,3,0.6210466452056413,0.1082141153597056,0.04978649434614453,4e-06,1,0.2818277635272971,1.3210496370296319,0,0.5822784810126582
406,9,3,0.6815149169931022,0.11993061022719795,0.1779791652897336,4e-06,0,7.531723345233469e-07,1.1798642545771652,1,0.4050632911392405
407,6,3,0.6156924244954238,0.12307708624111385,0.28665185998652776,4e-06,1,0.0,1.1742503261143264,0,0.7058823529411765
408,5,3,0.6648143029052997,0.2702138318100327,0.07581589123884336,4e-06,0,0.0,1.3984036212254278,1,0.13131313131313133
409,2,3,0.6909418166182344,0.27241816153430365,0.15172230214314472,4e-06,1,0.4871660617810886,1.7833448752596979,0,0.8319327731092437
410,0,3,0.7165846514010681,0.267359849014455,0.2526388868899301,4e-06,1,0.504107164930313,1.6170677921454109,0,0.42857142857142855
411,2,3,0.7591311574286423,0.4729792344886197,0.032380377117086634,4e-06,1,0.6479861818091299,1.8107715580359176,0,0.8319327731092437
412,6,3,0.7351581611080357,0.4550788048971639,0.11069109750703682,4e-06,1,0.5041837811012719,2.1001199927312633,0,0.7058823529411765
413,1,3,0.6552677673117382,0.4884634966994625,0.2698413456967512,4e-06,1,0.5046548410607145,1.9875491882891287,0,0.29559748427672955
414,6,3,0.8592512809097346,0.09101986276744835,0.07016342945289311,4e-06,1,0.5253333262400958,1.2566638294029362,0,0.7058823529411765
415,9,3,0.8432539298639818,0.13131230193161483,0.16180130610762292,4e-06,0,3.3756028127579734e-07,1.1968962682274358,1,0.4050632911392405
416,6,3,0.8762247224468553,0.06746168132691285,0.2923753920988302,4e-06,0,6.266064400466982e-07,1.1011929553246176,1,0.7142857142857143
417,2,3,0.8562893137374478,0.2437290323191774,0.07035571854200084,4e-06,1,0.32100772259234,1.7136934003241986,0,0.8319327731092437
418,1,3,0.8594227948255957,0.27615803099558356,0.1331458036942323,4e-06,0,0.0,1.4066280158568265,1,0.3018867924528302
419,3,3,0.8074210901549531,0.19514814065675493,0.2718948636704659,4e-06,1,0.37547735832392054,1.7150082947968512,0,0.7777777777777778
420,5,3,0.9070131577388122,0.4512174653412045,0.071745640146686,4e-06,0,4.990180636697209e-07,1.635687926873313,1,0.13131313131313133
421,9,3,0.854057897226002,0.43976320847585987,0.15800208503929924,4e-06,0,0.0,1.6212831592342718,1,0.4050632911392405
422,3,3,0.8579854007164606,0.4531639123343336,0.26628574673432787,4e-06,1,0.4581211256662675,1.750827038784802,0,0.7777777777777778
423,2,3,0.9045230967435826,0.05,0.042007593977744694,4e-06,1,0.2315083626770847,1.3023317105781125,0,0.8319327731092437
424,3,3,0.8879592235060778,0.11359056268936515,0.1365008885440605,4e-06,1,0.38803826185964163,1.7890328916594276,0,0.7777777777777778
425,1,3,0.99,0.11808810831265668,0.24609921815504532,4e-06,0,0.0,1.1771043129977525,1,0.3018867924528302
426,6,3,0.9035635217445304,0.2509711030218109,0.05441966991459412,4e-06,0,0.0,1.3715290878698407,1,0.7142857142857143
427,8,3,0.9187826618142219,0.2652946212332835,0.16655576314593876,4e-06,0,0.0,1.391569948603664,1,0.5949367088607594
428,1,3,0.99,0.1585710230394174,0.23151852923331623,4e-06,0,0.0,1.2375334509815046,1,0.3018867924528302
429,7,3,0.8913525607012183,0.4671878881484999,0.0808071723896186,4e-06,0,0.0,1.655679331785082,1,0.29559748427672955
430,1,3,0.99,0.49834693702873134,0.11422814008672699,4e-06,0,0.0,1.6944201598647493,1,0.3018867924528302
431,1,3,0.9846490080343411,0.5219728342928851,0.1984251659837186,4e-06,0,0.0,1.723594231934429,1,0.3018867924528302
432,3,2,0.6654725735062289,0.1388052990537811,0.01,4e-06,0,4.05053272416434e-06,1.2768582770959354,1,0.7878787878787878
433,7,2,0.6535226237447964,0.07968177447972166,0.12595143477694648,4e-06,0,3.0579673947224424e-07,1.1593616553837782,1,0.29559748427672955
434,7,2,0.703793074389215,0.0631625334792447,0.18458901373785436,4e-06,1,0.4280761924930866,1.7632100055026019,0,0.2893081761006289
435,9,2,0.6699135652772992,0.2227269133418993,0.02386351783922558,4e-06,0,1.3771697333867643e-06,1.429493600032032,1,0.4050632911392405
436,8,2,0.7022564626867828,0.25736113026985996,0.09670805110973116,4e-06,0,0.0,1.4841587478718639,1,0.5949367088607594
437,0,2,0.6590188434834797,0.27724188530553956,0.2139191024229691,4e-06,0,9.062339540091479e-07,1.5135943371201295,1,0.4369747899159664
438,5,2,0.6765579344009776,0.5049296197814575,0.030785297844337225,4e-06,0,7.646081787034547e-06,1.805442654148992,1,0.13131313131313133
439,1,2,0.670624489704348,0.5145528160549134,0.15715165124512276,4e-06,0,5.6632254215774444e-06,1.817084041814256,1,0.3018867924528302
440,2,2,0.6827816666615216,0.5238963209155999,0.24292497268557456,4e-06,1,0.48007683694456266,1.9393284473096815,1,0.8319327731092437
441,5,2,0.917863467318834,0.05978931375936389,0.07309570679166064,4e-06,0,2.497093020108775e-06,1.1195803643317916,1,0.13131313131313133
442,8,2,0.8586909263291449,0.14725248482826192,0.1646600557340192,4e-06,1,0.6668639622962639,1.6053754171687367,1,0.5822784810126582
443,6,2,0.8512418880195421,0.09243811553789932,0.22642070176205933,4e-06,1,0.4770185039420323,1.4676743704519015,1,0.7058823529411765
444,1,2,0.8579352464250576,0.2269834879440808,0.02581154537945948,4e-06,1,0.8779641122978191,1.8136608029616896,1,0.29559748427672955
445,3,2,0.8718129304786824,0.25694981332709554,0.17895511478185996,4e-06,0,0.0,1.4835357472064366,1,0.7878787878787878
446,0,2,0.8656804374946302,0.2591151227691269,0.24725379941745376,4e-06,0,0.0,1.4868096607652694,1,0.4369747899159664
447,2,2,0.8319219608058597,0.4800236686663869,0.0630202947035032,4e-06,1,0.6377211460394839,1.8860944464796225,0,0.8319327731092437
448,0,2,0.7938083380955869,0.5336803476369122,0.147174162739475,4e-06,0,2.4224975051293384e-06,1.840180133744467,1,0.4369747899159664
449,5,2,0.8750270228638461,0.4620637402415626,0.3033154852077317,4e-06,0,0.0,1.753336639114989,1,0.13131313131313133
450,7,2,0.9495921553749981,0.14770656416865338,0.054778933514889216,4e-06,0,0.0,1.2941812895328537,1,0.29559748427672955
451,7,2,0.973274017572283,0.1142980890197194,0.15044040419669133,4e-06,0,2.512037221587278e-06,1.2284638474231468,1,0.29559748427672955
452,7,2,0.955197194166643,0.09790603642713587,0.20999577043797396,4e-06,0,4.346811659927842e-06,1.1957880570498225,1,0.29559748427672955
453,7,2,0.8459244673979324,0.2561623158088378,0.03565750826738527,4e-06,0,0.0,1.4823413145284876,1,0.29559748427672955
454,7,2,0.930261271633845,0.2697845264275569,0.13809258476286623,4e-06,0,0.0,1.502699847930594,1,0.29559748427672955
455,4,2,0.9314977713470167,0.2798966465349521,0.22018906368680552,4e-06,0,9.560633785992531e-07,1.517432625013326,1,0.0
456,4,2,0.986905588911514,0.5198011247537101,0.10749334630206231,4e-06,0,4.679311922235573e-06,1.8234265504069789,1,0.0
457,0,2,0.9102265956601951,0.5198132769964531,0.16493768802808134,4e-06,0,4.677115536532286e-06,1.823441231275846,1,0.4369747899159664
458,0,2,0.9050817180357148,0.5230060187998719,0.21325885667048378,4e-06,1,0.7338090328849426,2.154597921162105,0,0.42857142857142855
459,8,3,0.714658045862862,0.1174932440697323,0.03521420693313322,4e-06,1,0.39051815071853013,1.6033543486951494,0,0.5822784810126582
460,9,3,0.6758912254787911,0.06721314276703752,0.10658986270754953,4e-06,1,0.2475687175307037,1.433700470002411,0,0.3924050632911392
461,6,3,0.7151875032245593,0.09072932904411252,0.2448138675266969,4e-06,1,0.2159442074872271,1.4967021907805018,0,0.7058823529411765
462,5,3,0.6987065152521913,0.265920818140742,0.04411987106464953,4e-06,1,0.6092905148130372,1.5617709164146143,0,0.12121212121212122
463,2,3,0.6208900375053148,0.24215314296800794,0.15169490075979697,4e-06,1,0.40392599189188516,1.7480276773066004,0,0.8319327731092437
464,0,3,0.6986210053986146,0.25161257688971506,0.18531975981821863,4e-06,1,0.5198084226645852,1.8128608451927466,0,0.42857142857142855
465,2,3,0.7154823491758298,0.4653897525080072,0.05475344151499205,4e-06,0,0.0,1.6534337008845632,1,0.8403361344537815
466,6,3,0.7310829183596359,0.497141426389582,0.13596071060027123,4e-06,1,0.6908389024462335,1.9639330468540546,0,0.7058823529411765
467,1,3,0.7078041589257155,0.518882120183066,0.2539562143936346,4e-06,0,0.0,1.7197866543330471,1,0.3018867924528302
468,6,3,0.8537837013183079,0.1235406614839506,0.07612468311099917,4e-06,0,0.0,1.185268632877289,1,0.7142857142857143
469,9,3,0.9117397142405821,0.10769976192136786,0.09856542313511635,4e-06,0,1.4650291934827373e-06,1.1615393771757612,1,0.4050632911392405
470,6,3,0.8808749716947931,0.09160969506601321,0.23463815742042618,4e-06,1,0.32223021877663305,1.3010479127013184,0,0.7058823529411765
471,2,3,0.8180738656898067,0.25634159425144804,0.06171364796161647,4e-06,1,0.5534182844714206,1.7106584199535115,0,0.8319327731092437
472,1,3,0.8864495217827578,0.2559573586204455,0.16468151816815227,4e-06,0,0.0,1.3785297581055724,1,0.3018867924528302
473,3,3,0.8543013672021453,0.2564529440745711,0.27317619422748285,4e-06,1,0.6277532499606627,1.5315661793100537,0,0.7777777777777778
474,5,3,0.8517686801160073,0.4757262204517688,0.05203013774188129,4e-06,0,3.0810746666307713e-06,1.6663307155790814,1,0.13131313131313133
475,9,3,0.9382610122856161,0.48428681664376294,0.16266867057376078,4e-06,0,2.2759415697157924e-06,1.6769813360374313,1,0.4050632911392405
476,3,3,0.8539200765639753,0.570135353575165,0.2386588212480557,4e-06,0,0.0,1.7826340244869912,1,0.7878787878787878
477,2,3,0.9359390105942682,0.10746801731189974,0.07538912186923188,4e-06,1,0.5774684256423199,1.362523429676185,0,0.8319327731092437
478,3,3,0.99,0.09715104068221986,0.14003494410482983,4e-06,1,0.6308535316842349,1.7610516258492968,1,0.7777777777777778
479,1,3,0.921220738160858,0.07917208713255794,0.2217196025640598,4e-06,0,0.0,1.118756493539945,1,0.3018867924528302
480,6,3,0.9354249082842703,0.2538208742696946,0.04809473976685194,4e-06,1,0.23958658669169564,1.5999295290179416,0,0.7058823529411765
481,8,3,0.9069771085542794,0.2567289192154478,0.1680287785409969,4e-06,1,0.4386957968152264,1.5856858885297516,0,0.5822784810126582
482,1,3,0.9176218508361068,0.2703245452627418,0.22768417218713097,4e-06,1,0.40972703847492287,1.7986450069805369,0,0.29559748427672955
483,7,3,0.99,0.5190026462308205,0.0681498012703662,4e-06,1,0.27097989086898455,1.7111456808979646,0,0.2893081761006289
484,1,3,0.99,0.44872321688269534,0.12784870257368675,4e-06,0,5.865278650494993e-07,1.6325561857562843,1,0.3018867924528302
485,1,3,0.9068966700958514,0.491010408078339,0.21350188854131785,4e-06,0,2.0424746804904723e-06,1.685329314595296,1,0.3018867924528302
486,3,2,0.7020679328571445,0.11443085994290966,0.06523185354914758,4e-06,1,0.9763979146641453,1.8188178461566862,1,0.7777777777777778
487,7,2,0.7848457361053467,0.10703293349446294,0.09412545742125615,4e-06,0,4.919092416247271e-08,1.2139967159445804,1,0.29559748427672955
488,7,2,0.6303798804388874,0.10052003887453922,0.24634584327839998,4e-06,1,0.08414023432702547,1.248479210204505,0,0.2893081761006289
489,9,2,0.7219593149630764,0.27178295084339005,0.02206779536173691,4e-06,0,0.0,1.5056355760419216,1,0.4050632911392405
490,8,2,0.7014722199638781,0.2551902141895668,0.0943106529865663,4e-06,1,0.3592373416633709,1.5897191530447323,0,0.5822784810126582
491,0,2,0.6913940333691548,0.22559828762959971,0.23381394454236581,4e-06,0,9.930590678048352e-07,1.4342088573361393,1,0.4369747899159664
492,5,2,0.7036320009444018,0.518143747476517,0.08242568614852613,4e-06,0,4.982411686214552e-06,1.8214240972160125,1,0.13131313131313133
493,1,2,0.7175062269413722,0.5183253474923256,0.13697398700223343,4e-06,0,4.9488564890818016e-06,1.8216435279867316,1,0.3018867924528302
494,2,2,0.7391834136462389,0.5387505939697602,0.3033496272015947,4e-06,1,0.394864083087263,1.9073997744511084,0,0.8319327731092437
495,5,2,0.8504511078647464,0.09705779294402478,0.030522112411695917,4e-06,0,4.713021029359065e-06,1.1940942649636102,1,0.13131313131313133
496,8,2,0.8537071778411601,0.07694933021356262,0.15257980442242874,4e-06,0,6.304774430240813e-07,1.1538977747597952,1,0.5949367088607594
497,6,2,0.8593719344150759,0.10452764580419488,0.267378459139628,4e-06,0,9.79219537331217e-07,1.2090018136333391,1,0.7142857142857143
498,1,2,0.8610915812484339,0.26455245301192387,0.017673160133980244,4e-06,0,0.0,1.4949541619178452,1,0.3018867924528302
499,3,2,0.8130608088026678,0.21868167785594073,0.1488270323635034,4e-06,0,2.010164821348175e-06,1.4227911617327267,1,0.7878787878787878
500,0,2,0.8138997397422683,0.240850803438607,0.28688127152950316,4e-06,0,0.0,1.458682246749962,1,0.4369747899159664
501,2,2,0.8877037448359917,0.5147689073581411,0.031384441380540154,4e-06,0,5.6213302627266735e-06,1.8173452713756202,1,0.8403361344537815
502,0,2,0.8202150657424574,0.49835886689452186,0.18497016269651456,4e-06,0,9.126252722310673e-06,1.7974841110229325,1,0.4369747899159664
503,5,2,0.8770057863957958,0.42856197979634236,0.281013585038167,4e-06,0,0.0,1.7122045335103937,1,0.13131313131313133
504,7,2,0.9632798197382774,0.10740049448832233,0.08253759174391535,4e-06,0,6.324277748805365e-08,1.2147293555559826,1,0.29559748427672955
505,7,2,0.9186088301137603,0.1041461538805984,0.1441506034164064,4e-06,0,1.1405087385806712e-06,1.2082409688963343,1,0.29559748427672955
506,7,2,0.9815746622267881,0.11825355209289037,0.24357175172336604,4e-06,0,2.225345866127491e-06,1.2363231131051045,1,0.29559748427672955
507,7,2,0.9666547259255581,0.21728658242348567,0.0689382419036473,4e-06,1,0.7759645727939114,1.7433799802308263,1,0.2893081761006289
508,7,2,0.9550746790518336,0.15808660401062813,0.11165734911864589,4e-06,1,0.8901468589032044,1.7599315206840123,1,0.2893081761006289
509,4,2,0.8706342710748401,0.28705742164930814,0.2504006677463102,4e-06,0,9.778486354286708e-07,1.5276872853264685,1,0.0
510,4,2,0.9610783470087746,0.5137567740863651,0.0608902774314355,4e-06,0,5.8185738953514496e-06,1.8161216528219832,1,0.0
511,0,2,0.9888402534383675,0.452589820464634,0.1633998454583671,4e-06,1,0.9537838109408737,2.069588695697886,1,0.42857142857142855
512,0,2,0.99,0.487201850508227,0.28494833335564385,4e-06,1,0.9278116495063686,2.177446699465004,1,0.42857142857142855
513,8,3,0.6699999305500595,0.08477798270798725,0.040816428546201385,4e-06,1,0.3229454325272375,1.5804888158535793,0,0.5822784810126582
514,9,3,0.6643991700094558,0.05,0.13695901578830597,4e-06,1,0.20122062914859898,1.0630351730061103,0,0.3924050632911392
515,6,3,0.7774152473411644,0.10040127438147588,0.2887308716555241,4e-06,1,0.2961547324213022,1.311559261418875,0,0.7058823529411765
516,5,3,0.7330562923957302,0.2583772466180069,0.0910635389571069,4e-06,0,0.0,1.3819181075626175,1,0.13131313131313133
517,2,3,0.7146533173460017,0.24135143625618044,0.1621494695677403,4e-06,1,0.5209555916624329,1.8014111865857696,0,0.8319327731092437
518,0,3,0.6891841223161823,0.26258394678559743,0.2877333685260833,4e-06,1,0.3183064627744672,1.6645886672927919,0,0.42857142857142855
519,2,3,0.6046644518817055,0.515501084559454,0.01,4e-06,1,0.7107392942710061,2.02297100139026,0,0.8319327731092437
520,6,3,0.7067789548477303,0.5299902205961596,0.12293666585456846,4e-06,1,0.4499495901106814,1.8304339101204068,0,0.7058823529411765
521,1,3,0.6986558624017543,0.485253775215285,0.2525398384219829,4e-06,0,2.5382562843309054e-06,1.6781829212711674,1,0.3018867924528302
522,6,3,0.8833810218947623,0.13148495817589956,0.07531810674660067,4e-06,1,0.230564364437139,1.757654445279509,0,0.7058823529411765
523,9,3,0.7678095476929883,0.09434241600981971,0.17435207129989505,4e-06,0,3.521176982505978e-06,1.1415133326372964,1,0.4050632911392405
524,6,3,0.8429453619804268,0.07924690770993062,0.2950608775552939,4e-06,1,0.31248368111765273,1.5773552740946897,0,0.7058823529411765
525,2,3,0.8748640525248388,0.2488825224234362,0.05592668847582511,4e-06,1,0.5428197393984263,1.6297114143261855,0,0.8319327731092437
526,1,3,0.7625423208499773,0.2545024339103507,0.15971970768816432,4e-06,1,0.3898508356910724,1.5649026314740446,0,0.29559748427672955
527,3,3,0.9127999393999578,0.22005929220118367,0.2394320489515069,4e-06,1,0.5235360572641969,1.7415239577372352,0,0.7777777777777778
528,5,3,0.9512761871096871,0.5444029761114175,0.08358191485995141,4e-06,0,0.0,1.7511550153915003,1,0.13131313131313133
529,9,3,0.8815563153353295,0.4669801620729692,0.14284690947059092,4e-06,0,0.0,1.6554199715337308,1,0.4050632911392405
530,3,3,0.9137164835649123,0.48935908091120967,0.17682251084282152,4e-06,1,0.6437067569783285,2.0236274786521737,0,0.7777777777777778
531,2,3,0.9517052409775099,0.0973988589747363,0.04178888012546696,4e-06,1,0.6043774875021755,1.8474621573022245,0,0.8319327731092437
532,3,3,0.8886854048658916,0.0844895732513692,0.17052113739352143,4e-06,0,2.7225659799174073e-06,1.1267355528736929,1,0.7878787878787878
533,1,3,0.9767422137302694,0.13369283891324618,0.24865014377070982,4e-06,0,0.0,1.2004545010613998,1,0.3018867924528302
534,6,3,0.9782387898679527,0.20020336355740936,0.05926397830544497,4e-06,1,0.265202305634159,1.5329589169325732,0,0.7058823529411765
535,8,3,0.9323235993168123,0.2445010733071822,0.13067375248840654,4e-06,1,0.6475932893805124,1.5701099303233754,0,0.5822784810126582
536,1,3,0.9321572248616466,0.27940572615015463,0.2584351949693044,4e-06,0,0.0,1.4111063065156115,1,0.3018867924528302
537,7,3,0.9730393948165608,0.4740218034850314,0.01,4e-06,1,0.24484950636416175,1.725103615431454,0,0.2893081761006289
538,1,3,0.9358164981099456,0.42883413415809457,0.13392855381691798,4e-06,1,0.2978288284846004,1.7544291560967638,0,0.29559748427672955
539,1,3,0.8818888555242675,0.4567594760079784,0.283299089293171,4e-06,0,3.3613015866878675e-07,1.64263721091929,1,0.3018867924528302
540,3,2,0.6702006824509743,0.08103742531573269,0.0684870618965994,4e-06,0,1.8438069315752977e-07,1.1620723479564987,1,0.7878787878787878
541,7,2,0.6887706639659715,0.1464967169838738,0.1369280973549978,4e-06,1,0.5728599303811167,1.3082985663460585,0,0.2893081761006289
542,7,2,0.7453515709025604,0.1632065419983444,0.23269454580555063,4e-06,0,1.979964896691604e-06,1.3238630171814527,1,0.29559748427672955
543,9,2,0.6391120289923429,0.28082743211661465,0.019450534029162254,4e-06,0,9.67407724475939e-07,1.5187735955186845,1,0.4050632911392405
544,8,2,0.690295238103989,0.22125965197896313,0.12050694217025174,4e-06,1,0.34291489483417337,1.542906085939046,0,0.5822784810126582
545,0,2,0.6948105518724599,0.2521033947619965,0.2671352219887314,4e-06,1,0.28677525577016527,1.5662512656355214,0,0.42857142857142855
546,5,2,0.7295877003365169,0.5245802929117924,0.1281087889625123,4e-06,1,0.2106402409421288,1.8735825812214544,0,0.12121212121212122
547,1,2,0.7307586348629498,0.5245731250673642,0.13394738539869863,4e-06,1,0.326229704045453,1.8902182149510316,0,0.29559748427672955
548,2,2,0.7216452335287216,0.47517247277796015,0.23768398035954955,4e-06,0,0.0,1.769320314056626,1,0.8403361344537815
549,5,2,0.8258160553528183,0.05,0.01,4e-06,0,1.590758235291997e-07,1.100000117493248,1,0.13131313131313133
550,8,2,0.7974732912720025,0.09536167724140274,0.11433359539207184,4e-06,0,4.859802535956406e-06,1.190706516637689,1,0.5949367088607594
551,6,2,0.8323796855660802,0.13967512994569367,0.2698584276829155,4e-06,0,5.179081469660872e-06,1.2785592841873843,1,0.7142857142857143
552,1,2,0.8315589487767665,0.23700302030130938,0.05983239409855849,4e-06,0,0.0,1.4525986830445459,1,0.3018867924528302
553,3,2,0.8514592302245693,0.1890514129401092,0.15635141352511792,4e-06,1,0.5895754575432156,1.4301850519628243,0,0.7777777777777778
554,0,2,0.838797254924765,0.30449580988420316,0.2235628465769185,4e-06,0,0.0,1.5521106243997602,1,0.4369747899159664
555,2,2,0.8459880933022637,0.4965703349598576,0.053213150900284154,4e-06,1,0.8654278740266474,2.005903874908739,1,0.8319327731092437
556,0,2,0.9051094494509897,0.49993249266487527,0.17445948216514898,4e-06,1,0.5945915812003776,1.9434812071002037,1,0.42857142857142855
557,5,2,0.8195203390469203,0.5327197980826439,0.3163192263217972,4e-06,0,2.5622901913954374e-06,1.8390214809032992,1,0.13131313131313133
558,7,2,0.8622982603677036,0.08355781200265532,0.0869562540286791,4e-06,1,0.9148969495711076,1.8805771005000893,1,0.2893081761006289
559,7,2,0.99,0.11453360317745266,0.18653175562353408,4e-06,0,2.513558100740747e-06,1.2289321741199624,1,0.29559748427672955
560,7,2,0.99,0.11076388251718763,0.27715778204481867,4e-06,0,1.9938185301697153e-06,1.2214308076859073,1,0.29559748427672955
561,7,2,0.99,0.25648614028968064,0.07414641697587138,4e-06,1,0.8508928794506111,1.7831527631527218,1,0.2893081761006289
562,7,2,0.9265393739632014,0.250329486777472,0.1930798205330314,4e-06,0,0.0,1.47343365409034,1,0.29559748427672955
563,4,2,0.9413902217369537,0.3034688137811414,0.24358609414450133,4e-06,0,0.0,1.5506920573187033,1,0.0
564,4,2,0.99,0.5204717752943838,0.04789961423561599,4e-06,0,4.558677166213208e-06,1.8242367159725839,1,0.0
565,0,2,0.9283206639909523,0.5344476927354797,0.16626585857172768,4e-06,0,2.312583054786606e-06,1.8411056537803712,1,0.4369747899159664
566,0,2,0.9558205922134237,0.4947509588985747,0.281369203606278,4e-06,0,9.979976371967285e-06,1.7931105013201183,1,0.4369747899159664
567,8,3,0.7245776049156989,0.11893714984201444,0.064407234575353,4e-06,1,0.3276835079936957,1.2719174914338078,0,0.5822784810126582
568,9,3,0.6871783848664981,0.12362448113156577,0.14863325619736376,4e-06,1,0.36225918104039495,1.298865419208523,0,0.3924050632911392
569,6,3,0.7808255879510333,0.05,0.26499364312887397,4e-06,1,0.2512616165941903,1.6852061706933164,0,0.7058823529411765
570,5,3,0.695670666467081,0.23699117544537437,0.01,4e-06,0,0.0,1.3517619862263712,1,0.13131313131313133
571,2,3,0.6160317462975502,0.2751870427232276,0.19305018533966806,4e-06,1,0.45678956074477484,1.8043718780512812,0,0.8319327731092437
572,0,3,0.7143582576260588,0.25138174415731346,0.2898446986268739,4e-06,1,0.3007164688741492,1.8485599047665333,0,0.42857142857142855
573,2,3,0.662338495910808,0.5060403455964476,0.06318548432874287,4e-06,1,0.6045543001570839,1.9930380963946464,0,0.8319327731092437
574,6,3,0.7187744263848309,0.5681897547793817,0.16919808497402372,4e-06,1,0.4701188266493345,2.003221455396446,0,0.7058823529411765
575,1,3,0.6970712670406471,0.5114381417024293,0.22552520056046702,4e-06,0,0.0,1.7106055455067466,1,0.3018867924528302
576,6,3,0.9006521822867746,0.14117027028599555,0.02026681053237949,4e-06,1,0.18735287923200905,1.362329775422887,0,0.7058823529411765
577,9,3,0.8635923429796172,0.11380655918305191,0.17983051404372954,4e-06,0,1.8515996224963976e-06,1.170691522569579,1,0.4050632911392405
578,6,3,0.9064064798120774,0.10928238519279775,0.26872552817408596,4e-06,0,1.0544203045654065e-06,1.1639112492080805,1,0.7142857142857143
579,2,3,0.8687929969281987,0.27138992276035295,0.01,4e-06,1,0.647017344874997,1.6932669269171352,0,0.8319327731092437
580,1,3,0.8995153475167492,0.25860673354877817,0.09258660795513221,4e-06,1,0.48838945969539205,1.7133766799566856,0,0.29559748427672955
581,3,3,0.9064526794350685,0.247364929641889,0.2561412005806159,4e-06,1,0.4973328950843772,1.5917804638959556,0,0.7777777777777778
582,5,3,0.8141002811658135,0.4702145957649818,0.04410504738805678,4e-06,1,0.597861092098787,1.9115700696528972,0,0.12121212121212122
583,9,3,0.7832786160044362,0.5247116278113138,0.13191065062298987,4e-06,0,0.0,1.726966174438516,1,0.4050632911392405
584,3,3,0.7757275839223934,0.47963062056944056,0.2497729811010655,4e-06,1,0.4727996450270137,1.801828003278079,0,0.7777777777777778
585,2,3,0.99,0.07946331927460598,0.029507245952444763,4e-06,1,0.1852799401417585,1.2421474313154568,0,0.8319327731092437
586,3,3,0.9584584060945567,0.08343925812965271,0.1453460060645822,4e-06,1,0.44929820936715187,1.3579766677415421,0,0.7777777777777778
587,1,3,0.9173282728291897,0.09872698569762677,0.2527047048300272,4e-06,0,3.6551293635551546e-06,1.1480884582660584,1,0.3018867924528302
588,6,3,0.9477725978940001,0.250159685813551,0.08420628436810207,4e-06,0,6.468183478719587e-07,1.3703877602387742,1,0.7142857142857143
589,8,3,0.99,0.24012371804922977,0.14358140568417566,4e-06,0,4.658835922011337e-06,1.3562122062633597,1,0.5949367088607594
590,1,3,0.9265924620429195,0.26765920455212205,0.24736280537892355,4e-06,0,0.0,1.3948578974150256,1,0.3018867924528302
591,7,3,0.99,0.49530735562570105,0.09921062281694934,4e-06,1,0.2957521564771534,1.7343482244489217,0,0.2893081761006289
592,1,3,0.9616482080452597,0.5717803016905473,0.11827839766010162,4e-06,0,0.0,1.7846417842722022,1,0.3018867924528302
593,1,3,0.99,0.47519572683820777,0.24937880907681298,4e-06,0,3.450293342070574e-06,1.6656699715720162,1,0.3018867924528302
594,3,2,0.7107265112382126,0.07148391378442774,0.04460179736350082,4e-06,1,0.5577917803850784,1.1953598453975314,0,0.7777777777777778
595,7,2,0.6719966388141644,0.08957851499204406,0.10713553697321165,4e-06,0,0.0,1.1791469930368241,1,0.29559748427672955
596,7,2,0.704751861596116,0.08801353175234715,0.24185870521204827,4e-06,1,0.1798090006573411,1.2848975505041371,0,0.2893081761006289
597,9,2,0.727642502634675,0.29307934374405326,0.03606858823413655,4e-06,0,9.143435820931779e-07,1.5362054924994455,1,0.4050632911392405
598,8,2,0.6904153137826141,0.26096462035115514,0.19697338593609762,4e-06,0,0.0,1.4895911337150032,1,0.5949367088607594
599,0,2,0.7181598252578784,0.2869859122992703,0.24335211490005693,4e-06,1,0.04442994943517006,1.539826292130478,0,0.42857142857142855
600,5,2,0.6723953783539222,0.4554338252143318,0.054235070564979206,4e-06,0,0.0,1.7452317570098859,1,0.13131313131313133
601,1,2,0.75147369050582,0.44270711282761155,0.11161509612258305,4e-06,1,0.7032013765784206,1.941092951329772,0,0.29559748427672955
602,2,2,0.6974672056115615,0.48902849643061375,0.2919740914508826,4e-06,0,0.0,1.7861634497883003,1,0.8403361344537815
603,5,2,0.8558252125737553,0.11179689330954483,0.024140529340598755,4e-06,1,0.5703946538437084,1.7636190240055334,0,0.12121212121212122
604,8,2,0.8055182298256319,0.12506130981706692,0.18558427506356492,4e-06,1,0.24436942722620417,1.3727405546028735,0,0.5822784810126582
605,6,2,0.8660123963323869,0.05,0.2590677465545638,4e-06,0,1.5907582982042246e-07,1.1000001174932816,1,0.7142857142857143
606,1,2,0.8479748754777203,0.27119597538693485,0.04775693235305817,4e-06,0,0.0,1.5047745772179149,1,0.3018867924528302
607,3,2,0.852702219363233,0.2534480173474304,0.15485758101855204,4e-06,1,0.36322593634432215,1.5873724081678335,0,0.7777777777777778
608,0,2,0.806558617878634,0.2552710136849455,0.28869789095854725,4e-06,1,0.2792353119298801,1.5706213140646552,0,0.42857142857142855
609,2,2,0.8265848599210782,0.48887868846580684,0.02285577490356734,4e-06,1,0.7241857489764628,1.8968250018693689,0,0.8319327731092437
610,0,2,0.9236502245770761,0.4620670891646836,0.11491169992563517,4e-06,0,0.0,1.7533407293239711,1,0.4369747899159664
611,5,2,0.8315064117791485,0.49923082818956976,0.2379165117668128,4e-06,0,8.924209269788559e-06,1.7985407253902697,1,0.13131313131313133
612,7,2,0.9405939741354226,0.1737473081720968,0.09176212762922764,4e-06,1,0.7505928189519662,1.6791426195781862,1,0.2893081761006289
613,7,2,0.9167390890933449,0.05,0.1805853275299389,4e-06,0,1.590758235291997e-07,1.100000117493262,1,0.29559748427672955
614,7,2,0.99,0.08590404252341283,0.2449967279799404,4e-06,0,1.8344073983938526e-06,1.1718036233676887,1,0.29559748427672955
615,7,2,0.9656598414939243,0.23819087586108867,0.01,4e-06,0,3.6133715664036154e-06,1.4544849643228688,1,0.29559748427672955
616,7,2,0.99,0.21407235132897529,0.1691627814502793,4e-06,0,2.8436346922434625e-06,1.415068331522069,1,0.29559748427672955
617,4,2,0.9848790199887603,0.22916604274223942,0.20149121799505162,4e-06,0,5.990684493043705e-07,1.4400194104995259,1,0.0
618,4,2,0.9855650927010803,0.4837398828942209,0.029178700284270748,4e-06,0,0.0,1.7797404018176886,1,0.0
619,0,2,0.9830285456570124,0.5230968794382429,0.17903176160338422,4e-06,0,4.097704868973006e-06,1.827407277800841,1,0.4369747899159664
620,0,2,0.9402268457928188,0.49508707687633396,0.23717306906223626,4e-06,0,9.899088949380437e-06,1.7935180685051817,1,0.4369747899159664
621,8,3,0.6814479823459426,0.1139649032249884,0.01967393246431048,4e-06,1,0.5445941754854343,1.5796195269250086,0,0.5822784810126582
622,9,3,0.6735572361677143,0.11503256297867398,0.181979328892294,4e-06,1,0.41469579566914816,1.4968053134800632,0,0.3924050632911392
623,6,3,0.7004320833942406,0.09830676709338679,0.23269904533217495,4e-06,0,3.7044900322795278e-06,1.1474583713807942,1,0.7142857142857143
624,5,3,0.7591836149460374,0.2467439010194453,0.02642611191851681,4e-06,0,0.0,1.3655737143840996,1,0.13131313131313133
625,2,3,0.727024265326579,0.2668098753469677,0.14227436403270624,4e-06,1,0.5410580083908654,1.9548636471124403,0,0.8319327731092437
626,0,3,0.674257555001974,0.24221157905962676,0.27909413462175237,4e-06,1,0.390904195169756,1.6033778171360031,0,0.42857142857142855
627,2,3,0.6657789418836569,0.5032610645844023,0.1017839712400853,4e-06,1,0.634078203857196,1.9018602642182068,0,0.8319327731092437
628,6,3,0.7111333175828202,0.4587187000528056,0.13097007019423362,4e-06,1,0.42641958564650045,1.9140606349804858,0,0.7058823529411765
629,1,3,0.6786481624136316,0.5002162118112911,0.23394233300108264,4e-06,1,0.646979836033817,1.9679348512436168,0,0.29559748427672955
630,6,3,0.881194784500911,0.12258616501446642,0.07529522930068007,4e-06,1,0.1829968358009598,1.4008242284820953,0,0.7058823529411765
631,9,3,0.877039154232277,0.06906393794681245,0.15027519744546386,4e-06,1,0.3211154054898193,1.7551622272466052,0,0.3924050632911392
632,6,3,0.9236860263427306,0.1577348811103772,0.20006930820009397,4e-06,0,0.0,1.2362914164413679,1,0.7142857142857143
633,2,3,0.889226931773097,0.2791149394259119,0.020129293194745802,4e-06,1,0.5821093989178056,1.667397062821405,0,0.8319327731092437
634,1,3,0.8456986502293574,0.2666299001389717,0.15692016907141876,4e-06,0,0.0,1.3934273612895993,1,0.3018867924528302
635,3,3,0.8432850372229476,0.28288192699171544,0.2674118789457581,4e-06,0,0.0,1.4158878658296485,1,0.7878787878787878
636,5,3,0.8234165331096561,0.4686421165580458,0.03296833570241896,4e-06,0,0.0,1.6574945865491684,1,0.13131313131313133
637,9,3,0.889039362011762,0.495346091314028,0.19292757056473056,4e-06,0,0.0,1.6907039721397883,1,0.4050632911392405
638,3,3,0.8597359566560215,0.4753432468537088,0.29726129948306623,4e-06,1,0.6323950063346074,1.9182061401175445,0,0.7777777777777778
639,2,3,0.9364157989757372,0.07330629021108408,0.01,4e-06,1,0.16869512924653884,1.3930779117647127,0,0.8319327731092437
640,3,3,0.9186639578441351,0.1917859368699047,0.11741779252162562,4e-06,1,0.5220153328771826,1.7871031383122518,0,0.7777777777777778
641,1,3,0.99,0.10193768970829666,0.26716727260561823,4e-06,0,3.0230256119387657e-06,1.152902221624183,1,0.3018867924528302
642,6,3,0.9228995381723293,0.217791528125873,0.01,4e-06,1,0.5397425738004209,1.5915832963602494,0,0.7058823529411765
643,8,3,0.897112161356502,0.23388418617959747,0.1250614249214677,4e-06,1,0.5306159545766862,1.5384272151134823,0,0.5822784810126582
644,1,3,0.9622232076760991,0.2768139623780637,0.27257151198138035,4e-06,0,0.0,1.40753335180926,1,0.3018867924528302
645,7,3,0.9621386760326668,0.5153454110575757,0.05424970092173077,4e-06,0,0.0,1.7154265060286047,1,0.29559748427672955
646,1,3,0.9367022986264092,0.47547324805010105,0.16264850489729488,4e-06,1,0.3304161822400907,1.8835661428926542,0,0.29559748427672955
647,1,3,0.924470914884971,0.4801047874808971,0.23013265542026223,4e-06,1,0.5389806973236765,1.6630705657419977,0,0.29559748427672955
648,3,2,0.7391536536494879,0.10235853008595364,0.0241159994128019,4e-06,1,0.6431025102022637,1.3651203113317885,0,0.7777777777777778
649,7,2,0.6437399749195106,0.130636668676574,0.1338870903130166,4e-06,0,3.9473798456348035e-07,1.260819388891076,1,0.29559748427672955
650,7,2,0.701647200813967,0.13427767668370344,0.25060111872598934,4e-06,0,5.364496121383226e-06,1.2679842996353794,1,0.29559748427672955
651,9,2,0.680600411029531,0.306637719145884,0.0499664083400633,4e-06,0,0.0,1.5550617319834013,1,0.4050632911392405
652,8,2,0.7142945988862269,0.3083379337678068,0.19727760865636168,4e-06,1,0.2023881584093409,1.6051990384866759,0,0.5822784810126582
653,0,2,0.7364860958390711,0.22834016380789865,0.25672868198250776,4e-06,0,6.82174291446311e-07,1.4386790829534528,1,0.4369747899159664
654,5,2,0.6742217694046913,0.47971259907909153,0.07695665840427848,4e-06,0,0.0,1.7748446255407753,1,0.13131313131313133
655,1,2,0.6459831432777845,0.4906508169815084,0.12761650551171821,4e-06,0,1.0982793426789057e-05,1.7881368090006626,1,0.3018867924528302
656,2,2,0.7471273941126874,0.5316915675809265,0.2273434174174894,4e-06,1,0.5193739250818655,1.9654601103628235,0,0.8319327731092437
657,5,2,0.9068650791232883,0.0879623518204053,0.02747826145204663,4e-06,0,2.6732135312252952e-06,1.1759188130282112,1,0.13131313131313133
658,8,2,0.9006063978195331,0.1007334616575936,0.1411979072680808,4e-06,0,5.102726611769377e-06,1.2014334817861847,1,0.5949367088607594
659,6,2,0.9140018912527843,0.11267402272711681,0.27178087099117426,4e-06,0,2.404891631134439e-06,1.2252331462531338,1,0.7142857142857143
660,1,2,0.8032129599590232,0.27264585677422126,0.04116293736015166,4e-06,0,0.0,1.506899403458379,1,0.3018867924528302
661,3,2,0.8092752955392526,0.26593669685777743,0.1534139869602089,4e-06,1,0.6116254729281567,1.6796432850515162,1,0.7777777777777778
662,0,2,0.9280377393074677,0.21192731155420563,0.24917699937448828,4e-06,0,3.268914875948157e-06,1.41144297522011,1,0.4369747899159664
663,2,2,0.8511330698033176,0.4520015199774696,0.09229718651825083,4e-06,0,0.0,1.74102976726198,1,0.8403361344537815
664,0,2,0.93125600659114,0.49902577028247636,0.1808416069619755,4e-06,0,8.971572394424489e-06,1.7982922566895962,1,0.4369747899159664
665,5,2,0.8266388266711197,0.5035737178809884,0.2595399608324214,4e-06,0,7.943400233661417e-06,1.8038010576312047,1,0.13131313131313133
666,7,2,0.8962172325551837,0.0764722447325446,0.04624866752420348,4e-06,0,6.950241728566131e-07,1.1529437543432401,1,0.29559748427672955
667,7,2,0.9464107692035352,0.14635696455089678,0.14413133007576934,4e-06,0,0.0,1.2915661796014937,1,0.29559748427672955
668,7,2,0.8971454371341891,0.08658782224396407,0.2563160401236774,4e-06,1,0.9735040289666673,1.8196472612562957,1,0.2893081761006289
669,7,2,0.99,0.2692218733060876,0.09882204018394058,4e-06,0,0.0,1.5018710576861265,1,0.29559748427672955
670,7,2,0.99,0.2354381139125763,0.12700614497406992,4e-06,1,0.9335022128187297,1.841087230212094,1,0.2893081761006289
671,4,2,0.9827779029047159,0.23997637799859076,0.28747068090620487,4e-06,0,9.209314960771496e-06,1.4573095224012327,1,0.0
672,4,2,0.99,0.45356501501780266,0.04203919675057237,4e-06,0,0.0,1.7429444060377564,1,0.0
673,0,2,0.99,0.4918881033258993,0.17218893614959685,4e-06,1,0.9920375267001665,2.19973390796664,1,0.42857142857142855
674,0,2,0.9358702523268956,0.48736541052028537,0.2535599250917199,4e-06,1,0.5479236305764864,1.9614974035259973,0,0.42857142857142855
675,8,3,0.6747615361147147,0.131715678107241,0.06135917971514107,4e-06,0,3.324801933537049e-07,1.1974993966309178,1,0.5949367088607594
676,9,3,0.6787461466612459,0.05,0.11323824601592675,4e-06,1,0.20977751461189434,1.3741206718497132,0,0.3924050632911392
677,6,3,0.66951216275851,0.09488771028295054,0.2503971001840501,4e-06,0,3.634026987490159e-06,1.1423311627055328,1,0.7142857142857143
678,5,3,0.6456694642056484,0.22477152583988624,0.05818867264590167,4e-06,0,0.0,1.3343226668268082,1,0.13131313131313133
679,2,3,0.6508197041056161,0.26071386028813964,0.18274750858132416,4e-06,0,0.0,1.3851839464966769,1,0.8403361344537815
680,0,3,0.7055644695904636,0.24712349192302088,0.22495446541685493,4e-06,1,0.5558797605566681,1.8979746158436364,0,0.42857142857142855
681,2,3,0.695238859735995,0.4733058803195477,0.035232587337038414,4e-06,1,0.5762113323470823,1.9677604012979042,0,0.8319327731092437
682,6,3,0.6850594401127661,0.5145590984918942,0.1656853128224709,4e-06,1,0.6736203103636997,2.144645461030868,0,0.7058823529411765
683,1,3,0.7398343489748944,0.4719728280755612,0.22289396660271182,4e-06,1,0.6217807258003164,2.0877708985869945,0,0.29559748427672955
684,6,3,0.8319529857104234,0.06585019819117172,0.03674924617481018,4e-06,0,1.0018562738493062e-06,1.098776020069276,1,0.7142857142857143
685,9,3,0.8373684205537998,0.13535352550954993,0.15597714123747716,4e-06,0,0.0,1.2029355734640612,1,0.4050632911392405
686,6,3,0.856820327440786,0.09129802678188245,0.250123986479646,4e-06,1,0.40617787425876134,1.47532790082331,0,0.7058823529411765
687,2,3,0.9330684530343609,0.22464038605067294,0.07577138174533207,4e-06,1,0.4816622095982531,1.5082645714598535,0,0.8319327731092437
688,1,3,0.7871560902971753,0.27312096346284287,0.18802870682411715,4e-06,1,0.3552835003281034,1.3935526248367134,0,0.29559748427672955
689,3,3,0.7809858295196919,0.2122358062094699,0.2814408873285176,4e-06,1,0.3631985754428185,1.5292920907722827,0,0.7777777777777778
690,5,3,0.8056478810024784,0.5068838109337529,0.03432762705706931,4e-06,0,8.479872269569893e-08,1.7049808491595213,1,0.13131313131313133
691,9,3,0.8035306656426261,0.47283904361954504,0.15462239976446607,4e-06,0,5.1063661347254525e-06,1.6627334514601007,1,0.4050632911392405
692,3,3,0.8995264120595939,0.48004814838915133,0.2781213090075894,4e-06,1,0.3321557091588859,1.6630001975371027,0,0.7777777777777778
693,2,3,0.9046491589832109,0.13985436432375192,0.030305416795438286,4e-06,1,0.4317926465520724,1.2398570475642205,0,0.8319327731092437
694,3,3,0.9736528291540993,0.06951950411775334,0.1343328456137248,4e-06,1,0.5751745742759975,1.7323451102546947,0,0.7777777777777778
695,1,3,0.9471713763310214,0.101339748428904,0.27275059097932197,4e-06,1,0.4392126023738805,1.3126921394348932,0,0.29559748427672955
696,6,3,0.8982598056264649,0.2256107792607946,0.05705359829454995,4e-06,1,0.2304380727511559,1.5278351575352243,0,0.7058823529411765
697,8,3,0.9811811768308579,0.2586187228310909,0.1724644165794743,4e-06,1,0.4870957040720931,1.552298287481167,0,0.5822784810126582
698,1,3,0.9438707615896714,0.2252760783598157,0.21253772167876867,4e-06,0,0.0,1.335045749764965,1,0.3018867924528302
699,7,3,0.9775060993803605,0.5163833549267735,0.05727932813971586,4e-06,0,0.0,1.7167064613134686,1,0.29559748427672955
700,1,3,0.9482926761509008,0.512386741856672,0.1282156679194092,4e-06,0,0.0,1.7117763591434134,1,0.3018867924528302
701,1,3,0.9232127428771119,0.5015549629697854,0.2312919247111192,4e-06,1,0.6530643297297302,2.1096949969746754,0,0.29559748427672955
702,3,2,0.6550028257959137,0.13797324775499667,0.08197055524160143,4e-06,1,0.2466977130853737,1.3934074241932706,0,0.7777777777777778
703,7,2,0.6924301721372643,0.19095287245331904,0.1431741175391034,4e-06,1,0.2809038189473283,1.4770955519336786,0,0.2893081761006289
704,7,2,0.6840888834423916,0.11116976680180915,0.27506844783658735,4e-06,0,2.113112094925059e-06,1.2222389872656165,1,0.29559748427672955
705,9,2,0.7095659713853384,0.258114561583306,0.02273006916458848,4e-06,0,0.0,1.4852984050908669,1,0.4050632911392405
706,8,2,0.6946389111676253,0.2317528081198814,0.1267057677555491,4e-06,1,0.3129424095644851,1.5576432791694665,0,0.5822784810126582
707,0,2,0.6417205831687492,0.22905335620802283,0.2484529648157136,4e-06,0,6.101239070044322e-07,1.4398366971921632,1,0.4369747899159664
708,5,2,0.7221918608690125,0.5202984365532958,0.030654190800880114,4e-06,0,4.589745482661614e-06,1.8240273241517306,1,0.13131313131313133
709,1,2,0.6752142806794394,0.47246873076499224,0.11434833436205191,4e-06,0,0.0,1.76602777727557,1,0.3018867924528302
710,2,2,0.7275444680391555,0.5292999610993439,0.2511793919807289,4e-06,1,0.31800199680457314,1.9125972703826262,0,0.8319327731092437
711,5,2,0.8845235007218142,0.10531359490015091,0.06881328800447498,4e-06,1,0.8226870176302801,1.7620873286828855,1,0.12121212121212122
712,8,2,0.8105177938185245,0.05505880673826861,0.12863837501451109,4e-06,0,1.3905827932969285e-06,1.1101186141298316,1,0.5949367088607594
713,6,2,0.7952823089047255,0.07056701897595358,0.22830292942177483,4e-06,1,0.6252531944351906,1.5721458532817931,0,0.7058823529411765
714,1,2,0.7955179667658939,0.207338447015796,0.025344941107773387,4e-06,0,4.2281426087213364e-06,1.4036199997009515,1,0.3018867924528302
715,3,2,0.8453678596011294,0.28175658448425445,0.1109466078775947,4e-06,1,0.6307756513421336,1.6802988344290508,0,0.7777777777777778
716,0,2,0.8909902693500309,0.23745194828908572,0.23278990927424742,4e-06,1,0.511929059350932,1.7636093994271271,0,0.42857142857142855
717,2,2,0.8941798010082227,0.5128689617338159,0.0397146604127049,4e-06,1,0.8944085612887019,2.108888881150645,0,0.8319327731092437
718,0,2,0.8628179805538415,0.5306264846300742,0.13354963386404944,4e-06,0,2.8754185577184206e-06,1.8364960408282645,1,0.4369747899159664
719,5,2,0.8781659256655914,0.46924462416667473,0.2805093114471357,4e-06,0,0.0,1.7620988070667034,1,0.13131313131313133
720,7,2,0.8973229970546821,0.13624788476441502,0.11702279242393195,4e-06,0,0.0,1.2718474193194405,1,0.29559748427672955
721,7,2,0.9534148552641035,0.0501548524078447,0.09467638646497425,4e-06,1,0.7925782630217224,1.768629142642682,1,0.2893081761006289
722,7,2,0.9263208476908007,0.07256271165017947,0.24811759948093973,4e-06,0,1.165087347173833e-06,1.1451256352260533,1,0.29559748427672955
723,7,2,0.9746234115144515,0.20641727359713558,0.03653367139158846,4e-06,0,4.42401620221815e-06,1.4020385363959207,1,0.29559748427672955
724,7,2,0.9069884647911449,0.2760928356149487,0.13545807715353017,4e-06,0,0.0,1.5119254854486397,1,0.29559748427672955
725,4,2,0.9796512706794008,0.2772747880664163,0.21545219399776133,4e-06,0,9.070202132280631e-07,1.5136420330994267,1,0.0
726,4,2,0.9158922754146072,0.5077862529671462,0.05774738560991681,4e-06,0,7.033929769977367e-06,1.8089000818093532,1,0.0
727,0,2,0.916247600859011,0.4595039776311285,0.17617046039885306,4e-06,0,0.0,1.750209182368065,1,0.4369747899159664
728,0,2,0.99,0.49865801197436393,0.2078450691796912,4e-06,0,9.056748067272106e-06,1.7978466226430636,1,0.4369747899159664
729,8,3,0.7136801382968408,0.08057621714561443,0.09932905130701072,4e-06,1,0.3185294881181461,1.3996575176365729,0,0.5822784810126582
730,9,3,0.686502809835753,0.1032234610809195,0.11723453018739124,4e-06,0,2.6894536411862533e-06,1.1548297506298908,1,0.4050632911392405
731,6,3,0.6803815135722515,0.11185428457095177,0.16751693841884335,4e-06,1,0.2983629407768573,1.725149677989761,0,0.7058823529411765
732,5,3,0.6874783085629518,0.22544507192768845,0.08244351408885597,4e-06,0,0.0,1.335287880944292,1,0.13131313131313133
733,2,3,0.6849122850084371,0.1924955238470477,0.11604040679769116,4e-06,1,0.4750297847972772,1.44801305187843,0,0.8319327731092437
734,0,3,0.6156019741248011,0.22701053951152883,0.23800839831130707,4e-06,1,0.4234573597913526,1.5113307407828078,0,0.42857142857142855
735,2,3,0.677713178917876,0.5391354109134665,0.027784525384966414,4e-06,1,0.688690230157929,2.2131541522461755,0,0.8319327731092437
736,6,3,0.6456449101630793,0.5321977349536747,0.13781599063587044,4e-06,0,0.0,1.7361731724039497,1,0.7142857142857143
737,1,3,0.7110937671888086,0.48515754708422865,0.2666186051798597,4e-06,1,0.4648813100568899,1.8262861117259426,0,0.29559748427672955
738,6,3,0.8748148957572544,0.11326666186109799,0.048172308358761955,4e-06,1,0.5204729728739899,1.36922154826669,0,0.7058823529411765
739,9,3,0.8720101497213479,0.16185397458194825,0.17818261265394542,4e-06,1,0.42960269003214707,1.5649086474078617,0,0.3924050632911392
740,6,3,0.9735404877944114,0.11547875430303534,0.26453930533935105,4e-06,1,0.4464436212059211,1.4136104439218464,0,0.7058823529411765
741,2,3,0.8322439345432497,0.23481492199923,0.06942841931658686,4e-06,1,0.40957586741127683,1.375947557885481,0,0.8319327731092437
742,1,3,0.855528937018972,0.28262363860445394,0.17589452216112417,4e-06,1,0.5107083325518854,1.636452275136781,0,0.29559748427672955
743,3,3,0.8954109892661275,0.27321673542729596,0.20181229545113855,4e-06,1,0.48314968756810217,1.8198025405805884,0,0.7777777777777778
744,5,3,0.8566206184806705,0.523364891513631,0.07730304484819314,4e-06,0,0.0,1.7253083452327589,1,0.13131313131313133
745,9,3,0.8525654720951261,0.4797844493545832,0.14216206826876238,4e-06,1,0.3638142657319294,1.8891177203106277,0,0.3924050632911392
746,3,3,0.8486128299992564,0.4434328128666959,0.23807549995211708,4e-06,1,0.7990991356735584,2.0501210871490745,0,0.7777777777777778
747,2,3,0.9401270481795365,0.11463974112413763,0.017631284388540988,4e-06,1,0.1972703235792147,1.391755039174343,0,0.8319327731092437
748,3,3,0.936073208366533,0.12292343216505369,0.20062659118459913,4e-06,1,0.46359437695018957,1.6903698276672863,0,0.7777777777777778
749,1,3,0.9407053104249291,0.10769903143244589,0.25532773350770777,4e-06,0,1.4652288207672404e-06,1.1615382823520675,1,0.3018867924528302
750,6,3,0.9133180421415695,0.2519482926265223,0.06260968489328388,4e-06,0,0.0,1.3729028904435365,1,0.7142857142857143
751,8,3,0.936193725310284,0.1688854695977998,0.13135614097266676,4e-06,1,0.5721037513795176,1.7857080459732504,0,0.5822784810126582
752,1,3,0.9092166196733023,0.2549683645069796,0.24832163703864196,4e-06,0,0.0,1.3771413616693042,1,0.3018867924528302
753,7,3,0.9128670347684389,0.5145706687757154,0.01154446256814004,4e-06,0,0.0,1.7144709298425103,1,0.29559748427672955
754,1,3,0.9386734668445397,0.5090930565485099,0.1537409183295404,4e-06,0,0.0,1.7077100289409295,1,0.3018867924528302
755,1,3,0.8909116814615587,0.48248339182723343,0.2497516034821124,4e-06,1,0.5260431173445224,1.7531666454485315,0,0.29559748427672955
756,3,2,0.7250084772231786,0.0916233724236495,0.021049618256614694,4e-06,0,0.0,1.1832342682225083,1,0.7878787878787878
757,7,2,0.7129953887529833,0.15635137395979387,0.1299327197998974,4e-06,1,0.6825392670377165,1.6148157476561251,0,0.2893081761006289
758,7,2,0.717044957872777,0.09929731122397555,0.2349814556203404,4e-06,0,5.297762743399801e-06,1.1985666178899734,1,0.29559748427672955
759,9,2,0.657051903491288,0.19820179956628664,0.026129634749882412,4e-06,0,6.0262886629667026e-06,1.3877707059041078,1,0.4050632911392405
760,8,2,0.7233514618117178,0.2680327551224288,0.12288362131257374,4e-06,0,0.0,1.5001162060157656,1,0.5949367088607594
761,0,2,0.6802264019926922,0.2619694570210704,0.2747481366884231,4e-06,1,0.15114917085550306,1.5797915594326828,0,0.42857142857142855
762,5,2,0.7420741944211008,0.45452924235459585,0.012571166025686226,4e-06,0,0.0,1.7441247406244331,1,0.13131313131313133
763,1,2,0.6853325438817828,0.5501336368568974,0.16480295964551087,4e-06,0,1.835489653964616e-06,1.8600106176615663,1,0.3018867924528302
764,2,2,0.6381723891767909,0.4987897284039796,0.18414448760433375,4e-06,1,0.1729153546003063,1.842339847060324,0,0.8319327731092437
765,5,2,0.835677493217153,0.06682494453543647,0.05196597742490153,4e-06,0,0.0,1.1336494760664522,1,0.13131313131313133
766,8,2,0.8877766347416108,0.10409806849038103,0.18685183105003153,4e-06,1,0.7520332287451779,1.8744595477224595,0,0.5822784810126582
767,6,2,0.8925724874498873,0.07064677359875697,0.33443342359798484,4e-06,0,1.1948557972224085e-06,1.141293970040582,1,0.7142857142857143
768,1,2,0.8652331701135069,0.26575287921917795,0.10631409425994928,4e-06,0,0.0,1.4967390709822659,1,0.3018867924528302
769,3,2,0.9061388153907002,0.23977310261664947,0.1532146521851797,4e-06,1,0.92953234416574,1.904027842422818,1,0.7777777777777778
770,0,2,0.8710480807249558,0.23045877129797343,0.25300508913980424,4e-06,0,4.785770027404789e-07,1.4421117189256938,1,0.4369747899159664
771,2,2,0.9292904120058235,0.5013953951064423,0.05191933134106565,4e-06,1,0.6410691608985108,1.9618831505430432,0,0.8319327731092437
772,0,2,0.8942402516601115,0.4901324038899987,0.13735988176062902,4e-06,0,0.0,1.7875033219438858,1,0.4369747899159664
773,5,2,0.8484897986220588,0.4525606765546702,0.271125710353695,4e-06,0,0.0,1.7417146082301842,1,0.13131313131313133
774,7,2,0.9788490149119916,0.14385397502641917,0.024616935914680078,4e-06,1,0.7222418388130566,1.502371210764859,1,0.2893081761006289
775,7,2,0.9408893781767462,0.12316634432057515,0.15305461839309895,4e-06,1,0.7758671555976147,1.6611844528674613,1,0.2893081761006289
776,7,2,0.8973988357784898,0.058565082055276795,0.2647435776981877,4e-06,0,0.0,1.11712998505437,1,0.29559748427672955
777,7,2,0.8741605920341574,0.2926322781420935,0.07809201251043942,4e-06,0,9.206332711366814e-07,1.5355762763640959,1,0.29559748427672955
778,7,2,0.9378719353315801,0.2828656723448743,0.16651300532804356,4e-06,0,9.82399819790958e-07,1.5217015661416307,1,0.29559748427672955
779,4,2,0.8644999761567764,0.24331533472728367,0.28413870308200145,4e-06,0,0.0,1.4625514229807592,1,0.0
780,4,2,0.9300424980015222,0.5266803876131705,0.07924255445259745,4e-06,0,3.4974959255919887e-06,1.8317337901366841,1,0.0
781,0,2,0.99,0.5219872567231261,0.15796585947349415,4e-06,0,4.290369384101664e-06,1.8260672152763084,1,0.4369747899159664
782,0,2,0.9405096112361039,0.46362895120820824,0.22134065473540573,4e-06,1,0.9708191443219818,2.1326246394659343,1,0.42857142857142855
783,8,3,0.7576325039201705,0.09874608316373464,0.08010428872632992,4e-06,1,0.34061432346119525,1.6109421324702984,0,0.5822784810126582
784,9,3,0.6907421280924483,0.11784070634110552,0.14269415874825414,4e-06,0,0.0,1.1767337600357817,1,0.4050632911392405
785,6,3,0.6523806498124658,0.1048457395646154,0.2994433648547164,4e-06,1,0.185175544763567,1.2104873730605534,0,0.7058823529411765
786,5,3,0.7179086012038027,0.26637636513217433,0.01890131302506199,4e-06,0,0.0,1.3930748282561314,1,0.13131313131313133
787,2,3,0.6749750357439441,0.28227168902482574,0.16070268870925072,4e-06,1,0.4862795730248919,1.901151019510553,0,0.8319327731092437
788,0,3,0.7178584408498074,0.24819723256734605,0.250377355070555,4e-06,1,0.4562392630189138,1.7910119437499807,0,0.42857142857142855
789,2,3,0.7016134562221876,0.4906319541618004,0.01,4e-06,1,0.625605040739205,2.007842969237914,0,0.8319327731092437
790,6,3,0.7627282578825533,0.511541699437557,0.11029235095795832,4e-06,1,0.646943603840914,2.052864810127534,0,0.7058823529411765
791,1,3,0.7624474613270592,0.4943972559558694,0.2892099866021205,4e-06,1,0.4536972012094074,2.0826759660060854,0,0.29559748427672955
792,6,3,0.8688500183138357,0.059928384720862926,0.07812568765249273,4e-06,1,0.30585121900266937,1.6852881070735535,0,0.7058823529411765
793,9,3,0.8174332007205555,0.10531148042529738,0.16056008861812893,4e-06,0,2.1129196526735333e-06,1.1579597033900073,1,0.4050632911392405
794,6,3,0.8661818077234462,0.09200808774422474,0.23052820740876162,4e-06,1,0.38518189323352836,1.9119572235739088,0,0.7058823529411765
795,2,3,0.8195654101980729,0.26705332916783836,0.027719634358965413,4e-06,1,0.643202537087293,1.7057443965453958,0,0.8319327731092437
796,1,3,0.891352377655959,0.19887701123057783,0.17780567740729622,4e-06,0,0.0,1.2968871006273195,1,0.3018867924528302
797,3,3,0.8663900487849315,0.2674359643598276,0.22520970469513274,4e-06,1,0.4507397731410027,1.7062109197610225,0,0.7777777777777778
798,5,3,0.8545348215210089,0.46231835621395884,0.04490376549260783,4e-06,0,0.0,1.6495951097664534,1,0.13131313131313133
799,9,3,0.878693938304347,0.4642896953549489,0.16471820707367665,4e-06,1,0.2941397623025377,1.799694967803055,0,0.3924050632911392
800,3,3,0.8790283193327488,0.5235486286606376,0.26089789237742594,4e-06,1,0.5968255481009155,2.0159423156659932,0,0.7777777777777778
801,2,3,0.9256653001638392,0.05,0.06018925300140053,4e-06,1,0.18137937944568175,1.8287840932365176,0,0.8319327731092437
802,3,3,0.9723030337129926,0.059873689201213186,0.1693505006794518,4e-06,1,0.37819680384815324,1.28830158641382,0,0.7777777777777778
803,1,3,0.9475333872317383,0.10927007068257104,0.31097011074131015,4e-06,0,1.057429390900923e-06,1.1638927942193928,1,0.3018867924528302
804,6,3,0.9581282773357561,0.22601027733107068,0.03358985837465016,4e-06,0,0.0,1.3360974918572588,1,0.7142857142857143
805,8,3,0.99,0.2634442643388012,0.13870215830929544,4e-06,0,0.0,1.3889929984905949,1,0.5949367088607594
806,1,3,0.9328978207468192,0.23286592256920788,0.1967517086626382,4e-06,1,0.5129514017492912,1.73745801424442,0,0.29559748427672955
807,7,3,0.99,0.45831429943345625,0.09374512422437328,4e-06,1,0.3015214563311063,1.8094263717757268,0,0.2893081761006289
808,1,3,0.9822440086720055,0.45056668576686587,0.1940424546799589,4e-06,0,5.209462238293206e-07,1.6348710683980734,1,0.3018867924528302
809,1,3,0.9758045075064448,0.4770351409687325,0.232616797432549,4e-06,1,0.349312723128847,1.8507584898052534,0,0.29559748427672955
810,3,2,0.6258908855323888,0.12585275482610103,0.085747808425477,4e-06,1,0.9162598927926647,1.8469935705400842,0,0.7777777777777778
811,7,2,0.6893783810148305,0.10984821886243092,0.1311726827636691,4e-06,0,1.6471695726318968e-06,1.2196071460782552,1,0.29559748427672955
812,7,2,0.7420829954409497,0.09808388244626523,0.3106632685256043,4e-06,0,4.2560472679104105e-06,1.196143150473924,1,0.29559748427672955
813,9,2,0.7490776350574375,0.2689240049243806,0.07180618591089272,4e-06,0,0.0,1.501431894364667,1,0.4050632911392405
814,8,2,0.6738881482461682,0.24618240073044137,0.1448565050553662,4e-06,0,0.0,1.4670225033512732,1,0.5949367088607594
815,0,2,0.7534551783150729,0.2571201431138154,0.20961816016465037,4e-06,1,0.5054596885186077,1.6497616529045807,0,0.42857142857142855
816,5,2,0.7665910423499308,0.4972904296923461,0.030577693828951483,4e-06,0,9.376099181080013e-06,1.7961892025399777,1,0.13131313131313133
817,1,2,0.7569238059804647,0.4882084118724191,0.19102204583215265,4e-06,0,0.0,1.7851678871339742,1,0.3018867924528302
818,2,2,0.7571812789827376,0.5077008349712926,0.2755969798860723,4e-06,1,0.3535039007825967,1.8863978032359392,0,0.8319327731092437
819,5,2,0.8639173790873084,0.09301447851653245,0.10746304074718581,4e-06,0,0.0,1.1860140001243074,1,0.13131313131313133
820,8,2,0.8501723056937264,0.10044657625622787,0.16207322260030563,4e-06,1,0.6266977215805535,1.7327016680289493,0,0.5822784810126582
821,6,2,0.8432462965918813,0.05254142447686303,0.25028656858770537,4e-06,1,0.7120208769353739,1.632695319304384,1,0.7058823529411765
822,1,2,0.780624569502044,0.25410619962068154,0.064636500260587,4e-06,0,3.037764090103604e-06,1.479218151082653,1,0.3018867924528302
823,3,2,0.7726964391623755,0.20916949216277592,0.20920564310441012,4e-06,1,0.2356603158889745,1.4836687908425013,0,0.7777777777777778
824,0,2,0.8744336412454675,0.22939187135002462,0.25239018217802694,4e-06,1,0.30101810770682713,1.5342373373619045,0,0.42857142857142855
825,2,2,0.8554709646926679,0.486551306790673,0.01849483640957869,4e-06,0,0.0,1.7831557216710179,1,0.8403361344537815
826,0,2,0.8014912480382964,0.5128244312636252,0.22879454727110698,4e-06,0,6.002544445027335e-06,1.8149943479002528,1,0.4369747899159664
827,5,2,0.8465757080903541,0.4418374211898942,0.21033140812299447,4e-06,0,0.0,1.7285594816167713,1,0.13131313131313133
828,7,2,0.9184097567950088,0.07902243705507861,0.04503048572947936,4e-06,0,3.7495194126351423e-07,1.1580432482226939,1,0.29559748427672955
829,7,2,0.947981037088743,0.07325411635983892,0.12776944260663314,4e-06,1,0.8536800189703727,1.7609004911043735,1,0.2893081761006289
830,7,2,0.9708944085533787,0.09303622928513929,0.2446428409631844,4e-06,0,0.0,1.1860574600582525,1,0.29559748427672955
831,7,2,0.938869849261713,0.26411351066710514,0.07004593530672894,4e-06,0,0.0,1.4943003258078966,1,0.29559748427672955
832,7,2,0.9532243110248209,0.22654629310800017,0.12417950870506422,4e-06,1,0.926697810215002,1.8334992470444464,1,0.2893081761006289
833,4,2,0.968211937536663,0.25842563046176564,0.25138609827444863,4e-06,0,0.0,1.485768361119145,1,0.0
834,4,2,0.9874043504409113,0.5273368401557195,0.046976662521620395,4e-06,0,3.3912016172725253e-06,1.8325261583353432,1,0.0
835,0,2,0.9752950477026319,0.5084626367250464,0.1574102012245252,4e-06,1,0.8720477941076364,2.203282964484058,1,0.42857142857142855
836,0,2,0.978054033533793,0.5853588318472291,0.2387561477562975,4e-06,0,0.0,1.9023851684157314,1,0.4369747899159664
837,8,3,0.6804792039375226,0.1463334843435602,0.02981086946817606,4e-06,1,0.5107225703305482,1.6282825356636945,0,0.5822784810126582
838,9,3,0.6365002870507479,0.07727164826373259,0.09874800321139957,4e-06,1,0.16935720618597097,1.104678240547703,0,0.3924050632911392
839,6,3,0.6853328482539791,0.05,0.276999989932892,4e-06,1,0.21805754184580187,1.445909633121314,0,0.7058823529411765
840,5,3,0.7519738772221416,0.24153912856630166,0.031045529327516582,4e-06,0,3.511172930195444e-06,1.358217496500554,1,0.13131313131313133
841,2,3,0.6909031747697737,0.23509825891618885,0.14403505191063384,4e-06,1,0.4141322995377484,1.5945295486486906,0,0.8319327731092437
842,0,3,0.7158812640917591,0.1963982021846527,0.23667635636903453,4e-06,1,0.42337549871269664,1.471885149322626,0,0.42857142857142855
843,2,3,0.7236128229194556,0.49804862981843573,0.0850923854295655,4e-06,1,0.6805985482272023,1.9651134188107957,0,0.8319327731092437
844,6,3,0.7178456401699069,0.5278263733194063,0.1725127066321073,4e-06,1,0.4733481819180195,1.8981988786150203,0,0.7058823529411765
845,1,3,0.7168144850337049,0.5163826769249429,0.282714159734157,4e-06,0,0.0,1.7167056253214499,1,0.3018867924528302
846,6,3,0.8137427576289135,0.11379700798923312,0.0478649903344074,4e-06,1,0.4414661449652528,1.3279095034795796,0,0.7058823529411765
847,9,3,0.7759030834004418,0.07164230344379872,0.19055044118580322,4e-06,1,0.2549353842737711,1.6416620510312205,0,0.3924050632911392
848,6,3,0.8013737452611215,0.09011825387761918,0.2512786756923612,4e-06,0,3.098300913457232e-06,1.1351779434039349,1,0.7142857142857143
849,2,3,0.8309246390786689,0.29646176675388586,0.03875632541845226,4e-06,1,0.6687389112040155,1.724347515004337,0,0.8319327731092437
850,1,3,0.7909142813955029,0.2448630176772302,0.10021209485020785,4e-06,0,9.264309147674959e-07,1.3629185618004573,1,0.3018867924528302
851,3,3,0.8480037843565315,0.24042682778341076,0.22753751128057248,4e-06,1,0.33639190475936637,1.8366136033739389,0,0.7777777777777778
852,5,3,0.8620445266840278,0.5294874861938529,0.01,4e-06,0,0.0,1.7328415163539537,1,0.13131313131313133
853,9,3,0.8460454753615085,0.5121012872758017,0.15802620858379662,4e-06,0,0.0,1.7114240620842185,1,0.4050632911392405
854,3,3,0.8289258721605129,0.492634955307935,0.28446227049468226,4e-06,1,0.5308971987961919,1.993004140200691,0,0.7777777777777778
855,2,3,0.9573336885599368,0.14681052789623375,0.04099075225291061,4e-06,1,0.6741061835415977,1.9477017791779538,0,0.8319327731092437
856,3,3,0.99,0.09808737205028056,0.1436784306276971,4e-06,1,0.5923923666175773,1.3518807745598658,0,0.7777777777777778
857,1,3,0.9841695944230733,0.10693029931766543,0.25705869127509606,4e-06,1,0.42749011227795436,1.3619067537919252,0,0.29559748427672955
858,6,3,0.9113003969049905,0.3143034047433094,0.04466522824133932,4e-06,1,0.6187857727533109,1.6942901651786715,0,0.7058823529411765
859,8,3,0.961272341947342,0.2673446475059357,0.145858587741554,4e-06,0,0.0,1.3944208393473865,1,0.5949367088607594
860,1,3,0.9432165451001083,0.2085178548910412,0.24736217771740307,4e-06,1,0.41427350112354683,1.8034016486020643,0,0.29559748427672955
861,7,3,0.9534399626002086,0.4299746887336908,0.04718043701646136,4e-06,0,1.5447578573952914e-06,1.608928783952645,1,0.29559748427672955
862,1,3,0.9846546493994015,0.47567333168574233,0.1677331954329167,4e-06,0,3.1178264949700406e-06,1.6662648456613482,1,0.3018867924528302
863,1,3,0.9360652254706371,0.5027457931771658,0.19383533492699812,4e-06,1,0.3363682951266883,1.918705296670751,0,0.29559748427672955
864,3,2,0.7004134225272941,0.08775480472033138,0.061844338134382726,4e-06,0,2.7270238909784712e-06,1.1755039696716179,1,0.7878787878787878
865,7,2,0.6526496361175922,0.1492820290581289,0.09852725146865049,4e-06,0,0.0,1.2972284308148427,1,0.29559748427672955
866,7,2,0.7166948321212732,0.14992699754492916,0.25945129108348514,4e-06,1,0.10084585715938048,1.3392181531205876,0,0.2893081761006289
867,9,2,0.6589440618353922,0.23529584955281863,0.013642708400561705,4e-06,1,0.7080661669950521,1.8011929085673433,0,0.3924050632911392
868,8,2,0.7160699567727898,0.21630466053736114,0.15958662020170084,4e-06,0,2.424828134734087e-06,1.4188199838403688,1,0.5949367088607594
869,0,2,0.6804526972414815,0.2921984660095193,0.25971156686737196,4e-06,1,0.35153690327365705,1.6201135707031078,0,0.42857142857142855
870,5,2,0.6697741313429922,0.501684300207325,0.020567385256511653,4e-06,0,8.36482949738023e-06,1.8015129490604396,1,0.13131313131313133
871,1,2,0.6709656711725144,0.46353491423462917,0.1075944802904204,4e-06,0,0.0,1.7551331058256499,1,0.3018867924528302
872,2,2,0.6577461414598617,0.5188248169001554,0.2020450440396015,4e-06,0,4.857003057002763e-06,1.8222470202291123,1,0.8403361344537815
873,5,2,0.8245401580060698,0.10963138027494508,0.06926951439501484,4e-06,0,1.54745042311404e-06,1.2191751978417456,1,0.13131313131313133
874,8,2,0.7891074307756776,0.0930682096030153,0.10145318191444823,4e-06,1,0.4568215931117363,1.6727045147793667,0,0.5822784810126582
875,6,2,0.8080863912452072,0.06878197435475486,0.2051001856983136,4e-06,0,2.4037717497990287e-06,1.137565316891571,1,0.7142857142857143
876,1,2,0.9468979160433398,0.23572752642062147,0.010387305594667703,4e-06,0,0.0,1.450566809162551,1,0.3018867924528302
877,3,2,0.8373453830735422,0.23046111620919565,0.15664125761928685,4e-06,1,0.675664857364326,1.6762587887312503,1,0.7777777777777778
878,0,2,0.862923330317516,0.24051625384094538,0.21695134511277214,4e-06,0,0.0,1.4581551591178468,1,0.4369747899159664
879,2,2,0.885534300993386,0.523702266484167,0.01,4e-06,1,0.8275599084880203,2.0555953622894028,1,0.8319327731092437
880,0,2,0.8197783712503789,0.46831203775127994,0.172657553279283,4e-06,0,0.0,1.7609617614969677,1,0.4369747899159664
881,5,2,0.8658594726964367,0.5062594874562011,0.2859918934103251,4e-06,0,7.358680716759945e-06,1.80705239886414,1,0.13131313131313133
882,7,2,0.9527240385375088,0.14441359101792056,0.05345542649458371,4e-06,0,0.0,1.2877911172925156,1,0.29559748427672955
883,7,2,0.9579092790684463,0.12109076377136234,0.18711151625527406,4e-06,0,1.7872670676891887e-06,1.2419514740032753,1,0.29559748427672955
884,7,2,0.99,0.05,0.24833639875576255,4e-06,1,0.9274122273546239,1.8367169544262736,1,0.2893081761006289
885,7,2,0.99,0.24801422101933718,0.037768076851867005,4e-06,0,0.0,1.469862317406001,1,0.29559748427672955
886,7,2,0.9895292101500053,0.18991558784422513,0.12720396223965255,4e-06,0,6.639988725628999e-06,1.3730846856054948,1,0.29559748427672955
887,4,2,0.9168449934879891,0.289285769095432,0.2902076320285549,4e-06,0,9.60461900055576e-07,1.5308502418377823,1,0.0
888,4,2,0.9317953066384532,0.4928158680465103,0.025875501152751234,4e-06,0,1.0448921794126927e-05,1.790763591805169,1,0.0
889,0,2,0.9252778237285917,0.46895837027945764,0.10308884644370553,4e-06,0,0.0,1.7617498230450352,1,0.4369747899159664
890,0,2,0.9593838232357375,0.5510237827528495,0.22994984894935894,4e-06,1,0.7827013597351066,2.0724772903978446,1,0.42857142857142855
891,8,3,0.6898464975549786,0.12233000766249029,0.07325687560552144,4e-06,1,0.39719978491337066,1.4625502202692742,0,0.5822784810126582
892,9,3,0.6897744117980882,0.08927409674336395,0.10896738303608822,4e-06,1,0.2862704188450561,1.6489612581847082,0,0.3924050632911392
893,6,3,0.6550411295028226,0.11319771900062993,0.2858988360696103,4e-06,1,0.2672203427621734,1.4320982392374706,0,0.7058823529411765
894,5,3,0.7113376574297854,0.21897666581410868,0.04085233487182514,4e-06,0,7.631901920476975e-07,1.3260009253529381,1,0.13131313131313133
895,2,3,0.6728484730463128,0.2803498124111994,0.14262837679013401,4e-06,1,0.4560000629693644,1.7574077980445395,0,0.8319327731092437
896,0,3,0.6498677895061934,0.2575961353088605,0.2768565520667854,4e-06,1,0.27844699591148564,1.4256005400870837,0,0.42857142857142855
897,2,3,0.7571914980988167,0.49077416705848953,0.04045917698578792,4e-06,1,0.6280407179325188,1.8683564434599151,0,0.8319327731092437
898,6,3,0.6664792327829725,0.5349886491959746,0.1608480156553075,4e-06,1,0.5729064743954007,1.8896833171633345,0,0.7058823529411765
899,1,3,0.7689131953347623,0.5051286605656251,0.24660878887385848,4e-06,0,1.0477953113101047e-06,1.7028119083459206,1,0.3018867924528302
900,6,3,0.8887020166396454,0.09037060478848834,0.05015559345977061,4e-06,1,0.13560510681857066,1.583896344493052,0,0.7058823529411765
901,9,3,0.7957360059624354,0.053725461765953206,0.12337829933992639,4e-06,1,0.21466000813233202,1.3294887978608163,0,0.3924050632911392
902,6,3,0.8242470394410999,0.11904131926270013,0.24493212531025785,4e-06,1,0.5120411890499135,1.750077449486244,0,0.7058823529411765
903,2,3,0.8315343118831622,0.2676177298523452,0.06784857374530405,4e-06,1,0.5690145568161483,1.8667005959587157,0,0.8319327731092437
904,1,3,0.8564664954551822,0.31596543560447,0.14947206212233086,4e-06,0,0.0,1.460801948715714,1,0.3018867924528302
905,3,3,0.8536870843010733,0.24546494857928353,0.24905935897970494,4e-06,1,0.4038096830397148,1.7879284320930304,0,0.7777777777777778
906,5,3,0.8114947809965619,0.49551994288785506,0.045041960899326904,4e-06,0,0.0,1.690919349411767,1,0.13131313131313133
907,9,3,0.8524405942165681,0.5266824036957357,0.14702364794321846,4e-06,1,0.709537982821492,2.0200474190778843,0,0.3924050632911392
908,3,3,0.8283359879426432,0.5171628717079545,0.2612719089283707,4e-06,1,0.5928300192798441,2.2008589346251806,0,0.7777777777777778
909,2,3,0.9846326801271927,0.12140381387333464,0.06766206868643439,4e-06,1,0.19836676449524307,1.4201689111508025,0,0.8319327731092437
910,3,3,0.9597975690817787,0.13190526785354578,0.13043776291791617,4e-06,1,0.6788951327574004,1.4320250925350402,0,0.7777777777777778
911,1,3,0.966611187610618,0.07527680502207987,0.24775712309760076,4e-06,0,0.0,1.1129127513640211,1,0.3018867924528302
912,6,3,0.8613887953758611,0.24341218032223721,0.045280465014546016,4e-06,1,0.5102595441938764,1.6048742823753297,0,0.7058823529411765
913,8,3,0.901368068059645,0.22526132286386163,0.07163412605041998,4e-06,1,0.613742401026923,1.4724274287563788,0,0.5822784810126582
914,1,3,0.9341742578349599,0.23470068470997232,0.2832303201845128,4e-06,0,0.0,1.3485052814397243,1,0.3018867924528302
915,7,3,0.9351754778584055,0.530785690043206,0.04940726420492445,4e-06,0,0.0,1.7344375993601417,1,0.29559748427672955
916,1,3,0.8813500529006179,0.48676056518312955,0.17263930851517825,4e-06,1,0.42461560545627836,1.8981034753059338,0,0.29559748427672955
917,1,3,0.9193857793951877,0.4644510437514736,0.26655864688916797,4e-06,0,0.0,1.6522608957056015,1,0.3018867924528302
918,3,2,0.7220138040561955,0.12453134818788737,0.06308838359698593,4e-06,1,0.6246184436268496,1.7412837710786415,0,0.7777777777777778
919,7,2,0.7068375348451319,0.07665628474418225,0.20551236967125075,4e-06,1,0.24293217573608122,1.2973776684699156,0,0.2893081761006289
920,7,2,0.7310300920179963,0.05,0.2882941264834279,4e-06,0,1.5907582982042246e-07,1.100000117493283,1,0.29559748427672955
921,9,2,0.7223508413895103,0.2667554554482269,0.030716492910778277,4e-06,0,0.0,1.4982262204013712,1,0.4050632911392405
922,8,2,0.6676547812050977,0.23173729229064022,0.18380829429636897,4e-06,1,0.30192729727280787,1.5376015154921767,1,0.5822784810126582
923,0,2,0.6706569462599583,0.23063210192626984,0.2719791869939647,4e-06,0,4.633004472878998e-07,1.4423917335038703,1,0.4369747899159664
924,5,2,0.7142685055614381,0.5224054043190288,0.047352636491207,4e-06,0,4.21738931103678e-06,1.8265722222735559,1,0.13131313131313133
925,1,2,0.6914457759602434,0.4706826130660443,0.18051532042860616,4e-06,0,0.0,1.763851549966319,1,0.3018867924528302
926,2,2,0.7139908727086023,0.49786051798622194,0.21841650810665011,4e-06,1,0.4828582167940719,1.9077158255067952,0,0.8319327731092437
927,5,2,0.8580663017053792,0.06972548975899476,0.05915984862046075,4e-06,0,1.097098664782334e-06,1.1394514084335008,1,0.13131313131313133
928,8,2,0.9881618560897673,0.10855371524026818,0.13858125458800907,4e-06,0,0.0,1.2170259828225616,1,0.5949367088607594
929,6,2,0.8537728062552439,0.1598328548404322,0.24651402146920737,4e-06,0,0.0,1.3174600172212325,1,0.7142857142857143
930,1,2,0.8341632814235761,0.2936355412287711,0.06128208788962314,4e-06,0,9.062497771547418e-07,1.536987610349176,1,0.3018867924528302
931,3,2,0.8276119891540075,0.2608359365216199,0.1901458839881596,4e-06,1,0.6044365014235547,1.6924796378282898,0,0.7777777777777778
932,0,2,0.8682404872843651,0.2100506571982755,0.21016202458019675,4e-06,1,0.6746793901607148,1.6525138147863216,1,0.42857142857142855
933,2,2,0.8409773191572558,0.5091245133855853,0.01587218013911934,4e-06,0,6.753900109398634e-06,1.8105192940251063,1,0.8403361344537815
934,0,2,0.8462351574172873,0.5151095086257216,0.1818455631124127,4e-06,0,5.5555358140221475e-06,1.8177570038163786,1,0.4369747899159664
935,5,2,0.820152209857718,0.46787279012466443,0.23467368735012556,4e-06,1,0.6659513880373138,1.9213074201094742,0,0.12121212121212122
936,7,2,0.9634649482650937,0.05,0.026429689151974915,4e-06,0,1.5907582351053138e-07,1.1000001174932712,1,0.29559748427672955
937,7,2,0.8933196434758806,0.17067463544794453,0.14913174803055707,4e-06,0,2.8754878241665594e-06,1.337894902765073,1,0.29559748427672955
938,7,2,0.9659809902418053,0.08897213601519442,0.22817278954535816,4e-06,0,0.0,1.1779344322520013,1,0.29559748427672955
939,7,2,0.982877488044347,0.2672886757515463,0.019900478289149467,4e-06,0,0.0,1.4990158452234406,1,0.29559748427672955
940,7,2,0.91627469367953,0.25849860394451935,0.10081830283606294,4e-06,0,0.0,1.485878559438493,1,0.29559748427672955
941,4,2,0.9176360293122037,0.1903249728610818,0.2662182850884123,4e-06,0,6.656151541744344e-06,1.3738171254384361,1,0.0
942,4,2,0.99,0.4922804634420298,0.050265359200908376,4e-06,0,1.0580071737555092e-05,1.7901141003936816,1,0.0
943,0,2,0.936258571246972,0.5010253314717372,0.1590184442029361,4e-06,0,8.513736134376176e-06,1.8007147673458572,1,0.4369747899159664
944,0,2,0.9446769423195492,0.49639744264793767,0.29139496989263164,4e-06,0,9.586818222476289e-06,1.7951067529499065,1,0.4369747899159664
945,8,3,0.7687643628009171,0.08840662713320749,0.09868920345888141,4e-06,1,0.32213414913113547,1.187494643958221,0,0.5822784810126582
946,9,3,0.8308410448885836,0.06422554219652568,0.12931964243347974,4e-06,0,1.395685453938366e-06,1.0963393403344688,1,0.4050632911392405
947,6,3,0.7780055593670007,0.07994875950101399,0.27714755556081655,4e-06,1,0.24128558641917056,1.6224039210104992,0,0.7058823529411765
948,5,3,0.7281859132888259,0.22117010974227042,0.09223276415762593,4e-06,0,7.403168088146201e-07,1.3291550622536297,1,0.13131313131313133
949,2,3,0.7081739074883581,0.25678324030133115,0.14763792623281866,4e-06,1,0.42404758881820565,1.764944930648755,0,0.8319327731092437
950,0,3,0.7012453941177991,0.22454425073942075,0.21854225065517224,4e-06,0,0.0,1.3339968725881324,1,0.4369747899159664
951,2,3,0.6989217665425916,0.5064603137986625,0.06502439400638334,4e-06,1,0.6144008166737815,1.9410178916770098,0,0.8319327731092437
952,6,3,0.7586264067338139,0.4919686751885758,0.13699719045655473,4e-06,0,1.6355046620474917e-06,1.6865177768533768,1,0.7142857142857143
953,1,3,0.6683786220110832,0.529432183960755,0.19787734212813668,4e-06,0,0.0,1.7327735154597832,1,0.3018867924528302
954,6,3,0.9104454626543653,0.08891633986528756,0.058754383022789305,4e-06,0,0.0,1.133373206725893,1,0.7142857142857143
955,9,3,0.8139520436776234,0.12603326561578546,0.12986553614607985,4e-06,1,0.3559001056862949,1.5692326238080374,0,0.3924050632911392
956,6,3,0.818026541427001,0.1102794159758441,0.2847390715769665,4e-06,1,0.32967682224835493,1.365760108048745,0,0.7058823529411765
957,2,3,0.8066917271085273,0.2618379826411162,0.10532349240182809,4e-06,1,0.57102578410042,1.449282051164472,0,0.8319327731092437
958,1,3,0.8345241379739499,0.27298551900550855,0.1428150409323976,4e-06,0,0.0,1.4022430280178266,1,0.3018867924528302
959,3,3,0.9063379537698542,0.1738237624751301,0.2739357760083781,4e-06,1,0.6109515169668012,1.9247647421119847,0,0.7777777777777778
960,5,3,0.8335863707419354,0.5507694546835343,0.028576067233998463,4e-06,0,0.0,1.7589562845866664,1,0.13131313131313133
961,9,3,0.8665538954324895,0.4867443265312139,0.10278423208392343,4e-06,0,2.7423562163832517e-06,1.680034470983828,1,0.4050632911392405
962,3,3,0.9012533542585808,0.5022433036740653,0.26353261851111465,4e-06,1,0.7000384766269317,2.0230881425558658,0,0.7777777777777778
963,2,3,0.99,0.09435424428846759,0.0366989036141862,4e-06,1,0.17365837321356356,1.2826050176799375,0,0.8319327731092437
964,3,3,0.9211055856453045,0.0821581796867801,0.15030740052050692,4e-06,1,0.48607763552889377,1.312201401969852,0,0.7777777777777778
965,1,3,0.99,0.11008744739057112,0.178658381117476,4e-06,1,0.6590668111692234,1.4077323949649738,0,0.29559748427672955
966,6,3,0.9515151997795839,0.25130350073054375,0.057378419281885126,4e-06,1,0.281082455607559,1.5787697200224589,0,0.7058823529411765
967,8,3,0.9745217683908314,0.23373757608416498,0.12156940993082473,4e-06,1,0.27319821952940476,1.538239323592606,0,0.5822784810126582
968,1,3,0.9213657022487506,0.2530042873738023,0.20513019247373898,4e-06,1,0.679824135618239,1.634819638590308,0,0.29559748427672955
969,7,3,0.9323010822859995,0.5313519399731337,0.06416028705134222,4e-06,0,0.0,1.7351336475161876,1,0.29559748427672955
970,1,3,0.8791518064643254,0.5551068550948703,0.11424356067174374,4e-06,0,0.0,1.7642661321814608,1,0.3018867924528302
971,1,3,0.9730933096713872,0.47435045657274855,0.2545476953445857,4e-06,0,4.041288682091858e-06,1.6646169590284707,1,0.3018867924528302
972,3,2,0.7011615828602116,0.0925038322274332,0.01,4e-06,1,0.7576614038754012,1.643243538211835,1,0.7777777777777778
973,7,2,0.6806079840199105,0.08319018301510697,0.16075378729100304,4e-06,0,0.0,1.1663740349664025,1,0.29559748427672955
974,7,2,0.6097929776610382,0.1122138940962483,0.26557308993870465,4e-06,0,2.3382728070784855e-06,1.224317457878884,1,0.29559748427672955
975,9,2,0.7035574216355713,0.20606402895059234,0.019183082099370224,4e-06,0,4.499014215820821e-06,1.4014311063496172,1,0.4050632911392405
976,8,2,0.7337575628356622,0.23912167148689248,0.13656400764670618,4e-06,0,6.6585421239139565e-06,1.4559590347151452,1,0.5949367088607594
977,0,2,0.713559780418993,0.23890897764373675,0.23210884997089667,4e-06,0,5.987249984059676e-06,1.4556225076734501,1,0.4369747899159664
978,5,2,0.7387496212769423,0.5134492911726913,0.044625020203597605,4e-06,0,5.879006019707865e-06,1.8157498880842038,1,0.13131313131313133
979,1,2,0.6378115970768058,0.4823035600533858,0.11591091411322407,4e-06,0,0.0,1.7779948055433235,1,0.3018867924528302
980,2,2,0.735026221274132,0.4339192207659391,0.20458715120080073,4e-06,0,0.0,1.7188143529604853,1,0.8403361344537815
981,5,2,0.7970247116769245,0.15834286712951468,0.059376197419477375,4e-06,0,0.0,1.3146225666035056,1,0.13131313131313133
982,8,2,0.8223194020307114,0.12166822441534007,0.13858701717053964,4e-06,0,1.689835350441921e-06,1.2430960028269926,1,0.5949367088607594
983,6,2,0.784840097397588,0.1479108357955295,0.25547167644171626,4e-06,1,0.4246898923731564,1.483100600445261,1,0.7058823529411765
984,1,2,0.8069832097352473,0.2223050462791542,0.01514299335200564,4e-06,0,1.4386677222537015e-06,1.4287978829728978,1,0.3018867924528302
985,3,2,0.8314235272307527,0.21957792421344163,0.11200211190807471,4e-06,1,0.5856219995995379,1.622573314664017,1,0.7777777777777778
986,0,2,0.831376528816456,0.22943179022925214,0.2964126845839483,4e-06,0,5.733480461425716e-07,1.4404500929450066,1,0.4369747899159664
987,2,2,0.8286699126926921,0.5073432885139597,0.04833571951230996,4e-06,1,0.7790790984694257,1.9192219982107948,0,0.8319327731092437
988,0,2,0.9071335322505565,0.4959453917890275,0.1723925465889888,4e-06,1,0.7691274593419951,2.005145694139836,1,0.42857142857142855
989,5,2,0.8153259056030658,0.5370799544829018,0.25934228042352026,4e-06,0,1.947418878863362e-06,1.8442799694675571,1,0.13131313131313133
990,7,2,0.99,0.13469023890697068,0.07296027608408856,4e-06,0,7.074676722985054e-06,1.2687952931455575,1,0.29559748427672955
991,7,2,0.9098444745595459,0.12182601080877398,0.15511955825250154,4e-06,1,0.8241955843367518,1.7134838686807567,1,0.2893081761006289
992,7,2,0.9424502314795509,0.05517662992843665,0.2484053053579072,4e-06,1,0.8784395723816882,1.6994844901150619,1,0.2893081761006289
993,7,2,0.9651185050413629,0.30723845480040646,0.07543619868492027,4e-06,1,0.9298742126030778,1.8549841902553164,1,0.2893081761006289
994,7,2,0.9827228037309794,0.20807008357164464,0.12112582188956743,4e-06,0,4.072708570878427e-06,1.4048734287745182,1,0.29559748427672955
995,4,2,0.9485135686026447,0.21939210123644737,0.2530392116545979,4e-06,0,1.8930358527937634e-06,1.4239733138565978,1,0.0
996,4,2,0.9669699254982075,0.5005798227100217,0.09201097750643991,4e-06,0,8.614965751237516e-06,1.800175092711153,1,0.0
997,0,2,0.9401245657669086,0.45967290808949807,0.1621841176411632,4e-06,0,0.0,1.7504156453168729,1,0.4369747899159664
998,0,2,0.99,0.48134492028186787,0.24196616278974453,4e-06,0,0.0,1.776829459657042,1,0.4369747899159664
999,8,3,0.7152676213791845,0.09839875466714468,0.08258977750619097,4e-06,1,0.44741709221901627,1.503014480287913,0,0.5822784810126582
1000,9,3,0.7394469619156284,0.11615493560923248,0.1496391024030316,4e-06,1,0.23421543400998557,1.3725894480449412,0,0.3924050632911392
1001,6,3,0.6673196539703168,0.10893799530905245,0.22749342789273602,4e-06,1,0.2564067482628594,1.2585190923914717,0,0.7058823529411765
1002,5,3,0.7354730531519681,0.2296495036347657,0.06537784980293686,4e-06,0,0.0,1.3413030228453078,1,0.13131313131313133
1003,2,3,0.7303265686891269,0.2616791617331323,0.15647096141657857,4e-06,1,0.542928565972038,1.7528060307633162,0,0.8319327731092437
1004,0,3,0.717242179703986,0.2568816298447738,0.25177279999075053,4e-06,1,0.43722859869376207,1.6217164801411899,0,0.42857142857142855
1005,2,3,0.6579832022660581,0.5128290865663924,0.040392777730957015,4e-06,0,0.0,1.7123222391466382,1,0.8403361344537815
1006,6,3,0.6638606985110463,0.47794210214719,0.12090545810214523,4e-06,1,0.5629367180409088,1.9215701459495511,0,0.7058823529411765
1007,1,3,0.6808588602096893,0.43542902531437144,0.2572126406238427,4e-06,0,0.0,1.6158175045503231,1,0.3018867924528302
1008,6,3,0.7904777302427258,0.13256828208922178,0.010769993048451824,4e-06,1,0.4445338555143098,1.5141773491646864,0,0.7058823529411765
1009,9,3,0.914062855115817,0.12248651616778439,0.11975856387377914,4e-06,0,0.0,1.183689269355278,1,0.4050632911392405
1010,6,3,0.8742210082089724,0.092128656078695,0.24491972478935903,4e-06,1,0.3166266840082339,1.3452556547750258,0,0.7058823529411765
1011,2,3,0.8536517508870182,0.27863883380956916,0.074273524651568,4e-06,1,0.5757342986606249,1.6313862754199075,0,0.8319327731092437
1012,1,3,0.8384437647658937,0.19783553612437205,0.11831265022004411,4e-06,1,0.3261977227707238,1.755346832939282,0,0.29559748427672955
1013,3,3,0.852997083142649,0.28117760828902183,0.21438030672813177,4e-06,1,0.5138899911886055,1.8645245768615304,0,0.7777777777777778
1014,5,3,0.8575484385364487,0.4788752018727645,0.0929443134178225,4e-06,0,9.158537122303727e-07,1.6702508259902338,1,0.13131313131313133
1015,9,3,0.9217692711731434,0.4550331416116957,0.14976821156682954,4e-06,0,3.824839089930246e-07,1.640473850957673,1,0.4050632911392405
1016,3,3,0.8134177981282431,0.5090214362545319,0.21680252518636367,4e-06,0,0.0,1.7076215736392626,1,0.7878787878787878
1017,2,3,0.960893336045133,0.05,0.020996194365018966,4e-06,1,0.5728740702578355,1.7091358244505164,1,0.8319327731092437
1018,3,3,0.9508479457404946,0.05,0.1872849115160472,4e-06,1,0.35330737083007097,1.134824134277711,0,0.7777777777777778
1019,1,3,0.9897982239026665,0.07967379961279304,0.22934643647187355,4e-06,0,0.0,1.1195091856289716,1,0.3018867924528302
1020,6,3,0.99,0.2987076153391866,0.0607913449671232,4e-06,1,0.2833477577020387,1.6569321878453156,0,0.7058823529411765
1021,8,3,0.899720652985226,0.26932445011455947,0.12797779595569414,4e-06,1,0.5931167838098771,1.5839771025245521,0,0.5822784810126582
1022,1,3,0.9409012948957065,0.26503624981342644,0.2535431039501938,4e-06,1,0.6282129378482996,1.5071245783187095,0,0.29559748427672955
1023,7,3,0.9756861180919705,0.5133778504501536,0.04692242161374261,4e-06,0,0.0,1.7129993713189773,1,0.29559748427672955
1024,1,3,0.9624549251648664,0.5131301990057932,0.18133475682151706,4e-06,0,0.0,1.7126937989337678,1,0.3018867924528302
1025,1,3,0.852466503448815,0.48568637293945754,0.2728283657764335,4e-06,0,2.6222869976955394e-06,1.6787203743649988,1,0.3018867924528302
1026,3,2,0.7320471348912692,0.1044618452776082,0.08864198210786554,4e-06,1,0.5702586968387294,1.5931891395151063,0,0.7777777777777778
1027,7,2,0.7202354025814143,0.1450480561789358,0.09880088080997165,4e-06,0,0.0,1.2890245706794963,1,0.29559748427672955
1028,7,2,0.6928031954358086,0.1254554831616551,0.29637689439335946,4e-06,0,1.0620206497540605e-06,1.2505929721124711,1,0.29559748427672955
1029,9,2,0.7302847347469777,0.2760610802569505,0.03921014963998079,4e-06,0,0.0,1.5118793441131735,1,0.4050632911392405
1030,8,2,0.7472210904964788,0.30671376979823356,0.17227814877705874,4e-06,0,5.274138990323001e-07,1.5551667158566793,1,0.5949367088607594
1031,0,2,0.7222958622877449,0.2465298147256165,0.25568921497067165,4e-06,0,0.0,1.4675621140077264,1,0.4369747899159664
1032,5,2,0.7518822878596463,0.46579445818553966,0.03703664718640963,4e-06,0,0.0,1.7578909059751127,1,0.13131313131313133
1033,1,2,0.6830926806059069,0.4800195255811881,0.1334754924799862,4e-06,0,0.0,1.7752178882048182,1,0.3018867924528302
1034,2,2,0.5875061202597591,0.4699178596355424,0.33193866127478655,4e-06,0,0.0,1.7629194799308907,1,0.8403361344537815
1035,5,2,0.8483232807130091,0.10202363698203586,0.07538375737716818,4e-06,0,2.1318063289753256e-06,1.2040067676131412,1,0.13131313131313133
1036,8,2,0.8655420672511686,0.08380635090961118,0.17361253326294612,4e-06,1,0.46711765366282576,1.4587771570507184,1,0.5822784810126582
1037,6,2,0.7796036451217422,0.05304614816498798,0.22310664531627183,4e-06,1,0.3794402130087584,1.1957285902057726,0,0.7058823529411765
1038,1,2,0.8625294610949886,0.21401794522527895,0.01,4e-06,0,2.8541637582575507e-06,1.414976626199099,1,0.3018867924528302
1039,3,2,0.8257820204851214,0.29558574037927554,0.13159372322132548,4e-06,0,0.0,1.5397232698005179,1,0.7878787878787878
1040,0,2,0.8492406960127655,0.24873085822982205,0.2249385913345589,4e-06,0,0.0,1.4709698598934247,1,0.4369747899159664
1041,2,2,0.8568009725701828,0.49291251102128936,0.021661162004252,4e-06,1,0.6406949706198038,1.951591752711884,0,0.8319327731092437
1042,0,2,0.867073619200857,0.48655811797573256,0.1543647914110593,4e-06,1,0.5419200656039608,1.910639278864851,1,0.42857142857142855
1043,5,2,0.8528198491608465,0.48136964735577875,0.22165198493139704,4e-06,0,0.0,1.7768595214271685,1,0.13131313131313133
1044,7,2,0.9356557058584547,0.1170091197875117,0.029160219398634214,4e-06,0,2.3736605265070483e-06,1.2338519915108794,1,0.29559748427672955
1045,7,2,0.99,0.12385729036221277,0.20558594924815718,4e-06,0,1.3195776277969558e-06,1.2474313712612313,1,0.29559748427672955
1046,7,2,0.8475705045736551,0.08661623174941352,0.26674655726642615,4e-06,1,0.8634643460685367,1.6406344789397118,1,0.2893081761006289
1047,7,2,0.99,0.261461727233875,0.07396738782773064,4e-06,1,0.8483473674322323,1.826367233387024,1,0.2893081761006289
1048,7,2,0.9061842524313585,0.2984234176907346,0.15302704605441203,4e-06,0,0.0,1.543688396704197,1,0.29559748427672955
1049,4,2,0.9240350751344697,0.22873122936862475,0.2115055659218902,4e-06,0,6.422215944693623e-07,1.4393141005090304,1,0.0
1050,4,2,0.9421998248938231,0.48221222389038804,0.08321477856329886,4e-06,0,0.0,1.7778837851099014,1,0.0
1051,0,2,0.9202751836978219,0.4963691475266007,0.1608300331089432,4e-06,0,9.59352312345824e-06,1.795072451820944,1,0.4369747899159664
1052,0,2,0.9462443269392653,0.5323737133797263,0.2502396792672383,4e-06,0,2.613257532462374e-06,1.838603991616726,1,0.4369747899159664
1053,8,3,0.6274964653372543,0.10805076964055568,0.07175972189439878,4e-06,1,0.4626644053499488,1.6807632220964992,0,0.5822784810126582
1054,9,3,0.7168874664574976,0.08954239102135039,0.12579761245663224,4e-06,1,0.18743011313123456,1.3205098381960705,0,0.3924050632911392
1055,6,3,0.677564036366247,0.13328272567576172,0.223514034563572,4e-06,1,0.3189091967198971,1.2709858639500482,0,0.7058823529411765
1056,5,3,0.7654570084936666,0.2760574581320174,0.039259720823269326,4e-06,1,0.5258955834237299,1.663565183277676,0,0.12121212121212122
1057,2,3,0.5901754454009048,0.22280578151579855,0.14847460148672154,4e-06,1,0.40529243007168436,1.3406821303973,0,0.8319327731092437
1058,0,3,0.7098841025932168,0.2838844693884376,0.24035392646038217,4e-06,1,0.46133664169399724,1.638055923091076,0,0.42857142857142855
1059,2,3,0.6869350666572878,0.4953180949753429,0.041246788425407646,4e-06,1,0.5388409536118588,1.7693153976330016,0,0.8319327731092437
1060,6,3,0.6103718295600822,0.4883499829060206,0.14988932923054823,4e-06,1,0.4458725054906473,1.8478014426171654,0,0.7058823529411765
1061,1,3,0.7325303071487855,0.4985673614453438,0.24187978733968918,4e-06,0,0.0,1.694693010247078,1,0.3018867924528302
1062,6,3,0.8458085338540875,0.09764880915622713,0.04436002695449602,4e-06,1,0.41420143385188535,1.8690823667091534,0,0.7058823529411765
1063,9,3,0.8007895940960569,0.06848008302300554,0.09754445911549428,4e-06,1,0.2819268598661289,1.3888684753221472,0,0.3924050632911392
1064,6,3,0.8600129317276185,0.11515802547798312,0.20711505284909595,4e-06,1,0.4006205098659007,1.7060934019985483,0,0.7058823529411765
1065,2,3,0.8567282322844502,0.27563153982035116,0.020390607326117846,4e-06,1,0.5854094253677081,1.574365976534547,0,0.8319327731092437
1066,1,3,0.857166870984035,0.3357241922639412,0.15903374228556072,4e-06,0,1.5381933675631106e-06,1.4871524915716492,1,0.3018867924528302
1067,3,3,0.8647204014597807,0.22032412685107963,0.28179260832454706,4e-06,1,0.38334328418417224,1.4658969212573725,0,0.7777777777777778
1068,5,3,0.9140350049470837,0.5060001592465476,0.01,4e-06,0,7.642600239895763e-08,1.7038888188756325,1,0.13131313131313133
1069,9,3,0.8405190450784094,0.5214501743298072,0.12449927496863113,4e-06,1,0.6779333193208865,2.0483754231741207,0,0.3924050632911392
1070,3,3,0.8471421838780958,0.5009469700186975,0.23954846946813035,4e-06,1,0.5631297093574522,2.1613829690317448,0,0.7777777777777778
1071,2,3,0.9625266242932939,0.10203909913490876,0.01,4e-06,1,0.47657549415340456,1.4633239800438365,0,0.8319327731092437
1072,3,3,0.9504764406499452,0.15943599996060892,0.16737809435696432,4e-06,1,0.6252245240807917,1.8563877667097415,0,0.7777777777777778
1073,1,3,0.9793221437201751,0.09711359551215404,0.28423797908531107,4e-06,1,0.5906416131838003,1.3723825766378155,0,0.29559748427672955
1074,6,3,0.964008499914341,0.2753852038908359,0.036576090853805546,4e-06,1,0.25175605467854806,1.485369844674511,0,0.7058823529411765
1075,8,3,0.9663476734942946,0.2662802903968099,0.14956997986464265,4e-06,1,0.2815978944868197,1.490954711966424,0,0.5822784810126582
1076,1,3,0.9315225924293188,0.21014814383610672,0.3093092610433954,4e-06,0,0.0,1.3132579106567517,1,0.3018867924528302
1077,7,3,0.9473678671571126,0.5020154332896194,0.038399490725351516,4e-06,1,0.2678538657829675,1.865251178782217,0,0.2893081761006289
1078,1,3,0.948409510742873,0.5052445798106242,0.07927537623038051,4e-06,0,8.679701391392323e-07,1.7029551457736964,1,0.3018867924528302
1079,1,3,0.9732249047778794,0.4586569597539793,0.2358699921625225,4e-06,0,2.8937013468309884e-07,1.6450136710088998,1,0.3018867924528302
