session_id,chain_id,n,delta,mu,alpha_lr,beta_exp,D,Delta,avg_price,converged,Z_hq
0,0,2,0.7146177625745631,0.11238197834787966,0.06292463009023648,4e-06,0,2.364726146603535e-06,1.2246519758687096,1,0.717948717948718
1,1,2,0.6795102908371384,0.07558681815256367,0.16847938267726487,4e-06,1,0.2358013977477607,1.5126816316648206,0,0.48717948717948717
2,2,2,0.6954421016938049,0.07479530569112416,0.2252655635292628,4e-06,1,0.24148959366565267,1.1883424258004496,0,0.717948717948718
3,3,2,0.7217261707322078,0.23003470878133916,0.0569648396920016,4e-06,1,0.28272053411129533,1.5754618760669699,0,0.6923076923076923
4,4,2,0.7087475438691605,0.2761428633384457,0.15670786646324047,4e-06,0,0.0,1.5119981709638715,1,0.2564102564102564
5,5,2,0.7115647759475994,0.2689386467751562,0.20628532540433,4e-06,0,0.0,1.5014534881509791,1,0.41025641025641024
6,6,2,0.6811850938282882,0.48083366455269977,0.04174573246319949,4e-06,1,0.25087984000302765,1.8232174816525937,1,0.48717948717948717
7,7,2,0.7387311341836592,0.44951390685152587,0.13995344910042676,4e-06,0,0.0,1.737981573065347,1,0.6153846153846154
8,8,2,0.7234488932543711,0.5213367973937857,0.2738004170559978,4e-06,1,0.26581124432782205,1.7546946789555982,1,0.5128205128205128
9,9,2,0.8843190352502861,0.09426087025355157,0.011729410299862346,4e-06,1,0.39813984139907793,1.7473926144052507,0,0.38461538461538464
10,10,2,0.8132219085599355,0.11491482232161293,0.15427277208211695,4e-06,0,2.5096561912009436e-06,1.2296901433700549,1,0.6410256410256411
11,11,2,0.8563415876430686,0.1187677118190201,0.24071960380839286,4e-06,0,2.154036158523827e-06,1.237343677547845,1,0.717948717948718
12,12,2,0.8235229623573339,0.23910838460304784,0.03854786318005013,4e-06,0,6.617033009665569e-06,1.4559380173838883,1,0.5128205128205128
13,13,2,0.831223906391891,0.2503748235618306,0.16442239976717726,4e-06,0,0.0,1.4735033898113112,1,0.8717948717948718
14,14,2,0.8766154043589114,0.2470454354647173,0.23730105063867538,4e-06,0,0.0,1.4683620457053495,1,0.5641025641025641
15,15,2,0.7921155011030765,0.46031901162936795,0.020082595171955552,4e-06,0,0.0,1.7512052093081047,1,0.358974358974359
16,16,2,0.8137808377855975,0.48865512337881833,0.18897684893358196,4e-06,0,0.0,1.7857102033421106,1,0.5128205128205128
17,17,2,0.8126552927996049,0.4938368732639711,0.22149933835268257,4e-06,0,1.0200440386282333e-05,1.7920019843751938,1,0.1794871794871795
18,18,2,0.9836123254982958,0.05,0.06303270930637572,4e-06,1,0.3826390730552251,1.5960324933597716,0,0.6666666666666666
19,19,2,0.8921576858244618,0.10216388523141609,0.13411521872808593,4e-06,1,0.27086665059339404,1.4056640113633274,0,0.5641025641025641
20,20,2,0.9508740858209377,0.14805336673962746,0.24281933117580928,4e-06,1,0.26779960132871167,1.8523525703943222,0,0.46153846153846156
21,21,2,0.9587998673588706,0.29077562725721307,0.07505333737743736,4e-06,1,0.2611895913847445,1.5269270534261676,0,0.4358974358974359
22,22,2,0.99,0.21433710837031447,0.13080745401750757,4e-06,0,2.792604176898421e-06,1.415514414854984,1,0.6410256410256411
23,23,2,0.8949325540977476,0.2690545284044321,0.2433333190870368,4e-06,0,0.0,1.5016243664616606,1,0.38461538461538464
24,24,2,0.9093768367516983,0.5094054154235058,0.07514379703683144,4e-06,0,6.695674352988618e-06,1.8108591279980906,1,0.38461538461538464
25,25,2,0.9665763773310398,0.4703138563990441,0.08603861157806073,4e-06,0,0.0,1.7634021364120671,1,0.358974358974359
26,26,2,0.9174823561875869,0.48753928219460946,0.23163709602820576,4e-06,1,0.2671784972339612,1.8901414062740212,1,0.5897435897435898
27,0,3,0.7062819426978137,0.09524095488883935,0.018930387415225656,4e-06,1,0.2300908550272566,1.6178814687337393,0,0.6923076923076923
28,1,3,0.6805476836370667,0.09838652347545039,0.20303789740739647,4e-06,0,3.69589013273373e-06,1.1475779613235544,1,0.5128205128205128
29,2,3,0.6800281760584339,0.06445168700748927,0.22104649713302885,4e-06,1,0.09565056858775921,1.332873429392316,0,0.717948717948718
30,3,3,0.7851387892974065,0.22535839962326842,0.07515467611209035,4e-06,1,0.25674513000346794,1.4033964030174542,0,0.6923076923076923
31,4,3,0.7153980386442345,0.24530086307025728,0.14877712421593697,4e-06,0,5.971221280819459e-07,1.3635369722937511,1,0.2564102564102564
32,5,3,0.7178428880592832,0.2363504955897766,0.21323182708698257,4e-06,0,0.0,1.3508515804372518,1,0.41025641025641024
33,6,3,0.7631636502564174,0.5047997484072031,0.04644085021670353,4e-06,1,0.3742463745411123,1.981831203248755,1,0.48717948717948717
34,7,3,0.752240069668273,0.5065814750409157,0.13767218307498788,4e-06,1,0.3444856193939117,2.11971177800425,1,0.5897435897435898
35,8,3,0.7614302396798396,0.5054970331166572,0.21326592904838498,4e-06,1,0.2510560533913084,2.009847058965544,1,0.5128205128205128
36,9,3,0.91603711728925,0.15170997162349892,0.044614423601521985,4e-06,1,0.251774236161899,1.276189578765492,0,0.38461538461538464
37,10,3,0.8057181727182605,0.07315818943132521,0.16929980384067134,4e-06,0,0.0,1.1097356407064014,1,0.6410256410256411
38,11,3,0.8497951253311972,0.09509671304426463,0.260127236463968,4e-06,1,0.10721177435232797,1.3941206284392589,0,0.6923076923076923
39,12,3,0.8757575517310743,0.18849483696906932,0.04853844794209646,4e-06,1,0.2487947675112264,1.383171529922447,0,0.48717948717948717
40,13,3,0.8012474775830548,0.22365542899213747,0.13997629677897563,4e-06,1,0.2046576673130113,1.4853349181816167,0,0.8461538461538461
41,14,3,0.8512252597037767,0.23547491699999265,0.2401698071691412,4e-06,1,0.19745822045655673,1.4168468372857275,0,0.5384615384615384
42,15,3,0.871524617480157,0.5401219432232823,0.04536482962250299,4e-06,0,0.0,1.745904052771783,1,0.358974358974359
43,16,3,0.8596998716508488,0.5052972007536113,0.117468357832999,4e-06,1,0.3622409400459539,2.036689461475918,1,0.48717948717948717
44,17,3,0.8591291332055562,0.5755242211260176,0.3063053383384501,4e-06,0,0.0,1.7892095644386765,1,0.1794871794871795
45,18,3,0.8914623199265198,0.08227878958109541,0.05946815010771021,4e-06,1,0.21925640751013925,1.284190403077974,0,0.6666666666666666
46,19,3,0.9208366464902557,0.08037560679796611,0.08558132910784035,4e-06,1,0.2155569832065753,1.380243246929859,0,0.5641025641025641
47,20,3,0.928822422905357,0.07369417665497235,0.24717212337242328,4e-06,0,0.0,1.1105400394563623,1,0.48717948717948717
48,21,3,0.8913181901843603,0.31387741336084896,0.011377322561779077,4e-06,0,0.0,1.4579978541640184,1,0.46153846153846156
49,22,3,0.99,0.21485300113523975,0.13895253129635907,4e-06,1,0.23436097148331372,1.3329665942386095,0,0.6153846153846154
50,23,3,0.99,0.22039428764715288,0.2426416646217367,4e-06,0,7.509009065672305e-07,1.328039978921489,1,0.38461538461538464
51,24,3,0.934953757150796,0.49598531106451876,0.01,4e-06,1,0.37623275313414106,1.9432691487716849,1,0.358974358974359
52,25,3,0.9393445003996418,0.5069650966887876,0.13334018343542953,4e-06,0,8.558639334061838e-08,1.7050812920049159,1,0.358974358974359
53,26,3,0.9562171731067386,0.5105526922519761,0.251594660427336,4e-06,0,0.0,1.7095124483721456,1,0.6153846153846154
54,0,2,0.6711376786582861,0.10949482785019925,0.04708140204759532,4e-06,1,0.25897898729992636,1.3725756452232045,0,0.6923076923076923
55,1,2,0.71543386210226,0.07710828370915698,0.11662765584049746,4e-06,0,6.092907497148542e-07,1.1542156300101725,1,0.5128205128205128
56,2,2,0.7105099690058855,0.11440430210174833,0.19766242039077422,4e-06,0,2.5131091119982434e-06,1.2286750607720267,1,0.7435897435897436
57,3,2,0.6555827726234208,0.23585425577650154,0.05791151613069559,4e-06,1,0.27983811565511385,1.5498249852756207,0,0.6923076923076923
58,4,2,0.6883131525678577,0.24689535195802118,0.14244067865379342,4e-06,0,0.0,1.468129310696992,1,0.2564102564102564
59,5,2,0.5973336623627481,0.24289449206470948,0.2552953726411734,4e-06,0,0.0,1.4618924265330193,1,0.41025641025641024
60,6,2,0.6851234167471484,0.44729834652564254,0.05983986451142329,4e-06,1,0.19480997294039934,1.7825780337011348,1,0.48717948717948717
61,7,2,0.7345531205479274,0.4901442433063132,0.14816026962513457,4e-06,0,0.0,1.7875176905753665,1,0.6153846153846154
62,8,2,0.6866217531057649,0.5390013378409687,0.2674796572596312,4e-06,0,1.6924902389501313e-06,1.8465965021631776,1,0.5384615384615384
63,9,2,0.867563467157183,0.15231803578503378,0.06316979476214897,4e-06,0,0.0,1.3030824258638956,1,0.41025641025641024
64,10,2,0.8381371618586116,0.10199637447577616,0.1290772853009917,4e-06,0,2.1454455894885702e-06,1.2039523705474604,1,0.6410256410256411
65,11,2,0.8812940136967065,0.09428046827484522,0.2851374128040196,4e-06,1,0.2557179082209764,1.439932993269254,0,0.6923076923076923
66,12,2,0.922825846305872,0.27192324073415935,0.01,4e-06,1,0.29115068353012524,1.6288066785098914,0,0.48717948717948717
67,13,2,0.8292688063053489,0.29533685299830165,0.16912601432693086,4e-06,0,8.798905148446727e-07,1.5393752385582355,1,0.8717948717948718
68,14,2,0.809451305342384,0.2509834627862878,0.21350319551856617,4e-06,1,0.2584145411741398,1.4721353968157112,0,0.5384615384615384
69,15,2,0.8239074603433362,0.5346593610832009,0.0682628441667332,4e-06,0,2.282539014354454e-06,1.8413609412150245,1,0.358974358974359
70,16,2,0.8621746691612103,0.5021610071969773,0.1624167085611808,4e-06,0,8.25772619518826e-06,1.8020903119662788,1,0.5128205128205128
71,17,2,0.8263558629923557,0.5177271896838006,0.20255216801638173,4e-06,1,0.23147275763481165,1.838558103992237,1,0.15384615384615385
72,18,2,0.9647342645080262,0.12539751957530212,0.03287169015434617,4e-06,0,1.0710364251368175e-06,1.2504783616597264,1,0.6923076923076923
73,19,2,0.9593151208054866,0.10703202678096088,0.15811029717845176,4e-06,1,0.2778382076994777,1.454281661628801,0,0.5641025641025641
74,20,2,0.9440988527903859,0.09542432402642924,0.26150181593060484,4e-06,0,4.874751551507594e-06,1.1908316691395746,1,0.48717948717948717
75,21,2,0.9449996387872168,0.2944436664297692,0.027692353135623078,4e-06,0,8.940110843141459e-07,1.5381226223268696,1,0.46153846153846156
76,22,2,0.9580922476732477,0.2753315557145596,0.15034278166681977,4e-06,0,0.0,1.5108185062739015,1,0.6410256410256411
77,23,2,0.9836728026756024,0.2666234950397228,0.31982959301038255,4e-06,0,0.0,1.4980306647838009,1,0.38461538461538464
78,24,2,0.8698591083173394,0.5481276308455142,0.036269017071295234,4e-06,1,0.4449106984595793,1.9933020891148419,1,0.358974358974359
79,25,2,0.8859096183576429,0.4624505835768158,0.10196166188643438,4e-06,0,0.0,1.7538090860958593,1,0.358974358974359
80,26,2,0.9675854642406797,0.5157256352843831,0.25828822537985663,4e-06,1,0.2502266744850287,2.0125749112673295,1,0.5897435897435898
81,0,3,0.7021741434156152,0.08584671899084993,0.06378157315149835,4e-06,1,0.17550678809134695,1.2880517087072683,0,0.6923076923076923
82,1,3,0.7055296572823472,0.12280399256127561,0.15687634122345204,4e-06,1,0.10988652006671536,1.4226104318330293,0,0.48717948717948717
83,2,3,0.6928155434467416,0.10590328289970873,0.27461585426252255,4e-06,0,1.9486659082192368e-06,1.158846763708234,1,0.7435897435897436
84,3,3,0.7208466902292845,0.24202483624253862,0.04647373498015609,4e-06,1,0.27078159700270726,1.5366432261365681,0,0.6923076923076923
85,4,3,0.6481411068770095,0.20553443807671537,0.07999151640455085,4e-06,1,0.2195985634720168,1.4054342187394626,0,0.23076923076923078
86,5,3,0.7299773559891096,0.24145347800852276,0.2559337024582556,4e-06,0,3.5798123682034264e-06,1.358096208891036,1,0.41025641025641024
87,6,3,0.6972344826109543,0.5406075766870819,0.052763799753023276,4e-06,0,0.0,1.7464999254701634,1,0.5128205128205128
88,7,3,0.6762239859120506,0.45558390462304954,0.12335598438799042,4e-06,1,0.3179377219883721,1.8908876071733258,1,0.5897435897435898
89,8,3,0.7688307932466393,0.4585345545386888,0.26178482404779757,4e-06,0,2.922577714993269e-07,1.6448604105525622,1,0.5384615384615384
90,9,3,0.8689878835385281,0.09606740047936821,0.01,4e-06,1,0.24107049024911317,1.2993501801187095,0,0.38461538461538464
91,10,3,0.8286439904650578,0.0679074276613093,0.13037150169937334,4e-06,1,0.1370262502637731,1.3359434992379329,0,0.6153846153846154
92,11,3,0.8424302263625437,0.10985986006847444,0.26085765561786534,4e-06,0,9.169496417984252e-07,1.1647766616138364,1,0.717948717948718
93,12,3,0.7909256873261707,0.2820166724971595,0.04005535483708236,4e-06,0,0.0,1.4146988348334115,1,0.5128205128205128
94,13,3,0.8653350845272988,0.24606587409389966,0.16046327682138883,4e-06,1,0.21788450607902496,1.3754799524975014,0,0.8461538461538461
95,14,3,0.8527752454053111,0.2548057177995123,0.28228720472399155,4e-06,1,0.1806434052339572,1.4425002122004738,0,0.5384615384615384
96,15,3,0.8633228149047302,0.4992241145613843,0.05941724634372661,4e-06,0,0.0,1.6955058706382395,1,0.358974358974359
97,16,3,0.7670806625603483,0.4664784766103118,0.13623974145182,4e-06,1,0.31908823996131463,1.716422468079281,1,0.48717948717948717
98,17,3,0.9274892464971807,0.533179801097219,0.22113726650975118,4e-06,0,0.0,1.7373799619122663,1,0.1794871794871795
99,18,3,0.9386254464783962,0.10555976948246147,0.0685751335092618,4e-06,1,0.22614868786036124,1.5619253660347265,0,0.6666666666666666
100,19,3,0.99,0.06574185321572788,0.15019017187086806,4e-06,1,0.20803332287880305,1.367551021318218,0,0.5641025641025641
101,20,3,0.99,0.10274560534519625,0.2674233128598939,4e-06,1,0.20123773468281955,1.3069061603568009,0,0.46153846153846156
102,21,3,0.9431836967534318,0.2266155280982374,0.0629090407687266,4e-06,0,6.199176498133142e-07,1.3369650485813285,1,0.46153846153846156
103,22,3,0.9744994364220025,0.2699675570894029,0.1825586101333773,4e-06,1,0.24221863894999207,1.3803098149992865,0,0.6153846153846154
104,23,3,0.9385500506577723,0.2636189673792609,0.2407398083336076,4e-06,1,0.23600305074991362,1.5641205020610993,0,0.358974358974359
105,24,3,0.9365757052752541,0.44027564014628007,0.01,4e-06,1,0.35060299505981274,1.8442452838355559,1,0.358974358974359
106,25,3,0.9858073992788674,0.4784155930014563,0.10492489631877308,4e-06,1,0.35952849392848685,1.7315772760247132,1,0.3333333333333333
107,26,3,0.99,0.5130465281439094,0.23321283141851532,4e-06,0,0.0,1.7125905552144063,1,0.6153846153846154
108,0,2,0.6375616658802222,0.09108029911907094,0.05298432419047216,4e-06,1,0.2584946275081788,1.7907532517309168,0,0.6923076923076923
109,1,2,0.713785809049442,0.12004978054323992,0.12934883153307722,4e-06,0,1.9583875153743702e-06,1.239887351717972,1,0.5128205128205128
110,2,2,0.7651574779049596,0.07089551441045763,0.2233691303285632,4e-06,0,1.2062403543579644e-06,1.141791437850765,1,0.7435897435897436
111,3,2,0.7561528556826622,0.2367239286432345,0.09365136728812135,4e-06,0,0.0,1.4521546576318913,1,0.717948717948718
112,4,2,0.7103291529329078,0.29694154065009715,0.13914688567667485,4e-06,0,0.0,1.541620149468417,1,0.2564102564102564
113,5,2,0.7180933580257255,0.20302722783458457,0.26912412707953365,4e-06,0,5.132807603504602e-06,1.3961866468683635,1,0.41025641025641024
114,6,2,0.7459125064293425,0.42817219085298586,0.026403026746874943,4e-06,1,0.32023202317234484,1.9661217436504577,1,0.48717948717948717
115,7,2,0.7099066360443577,0.4946232012365073,0.14239867293155956,4e-06,0,1.0010616175008297e-05,1.7929555796257595,1,0.6153846153846154
116,8,2,0.7081355296247976,0.4697439187417068,0.2712054892269715,4e-06,0,0.0,1.7627074592144347,1,0.5384615384615384
117,9,2,0.8722613377100505,0.10889254002425978,0.11105219908193202,4e-06,0,5.32316297418065e-06,1.2177054112307333,1,0.41025641025641024
118,10,2,0.8377166712666169,0.07739417258927866,0.11903211988266489,4e-06,1,0.25294356443031785,1.1925602285694226,0,0.6153846153846154
119,11,2,0.8294491584091924,0.07333608060307245,0.24787958855043787,4e-06,0,1.0970208876223338e-06,1.1466722316784512,1,0.717948717948718
120,12,2,0.8520456823420864,0.2270339416771086,0.0770055369205989,4e-06,1,0.29898112247096936,1.6387012629673663,0,0.48717948717948717
121,13,2,0.8238833542134115,0.26645283762489397,0.15563920762458314,4e-06,1,0.25503015933468653,1.718026899842367,0,0.8461538461538461
122,14,2,0.8472807897606238,0.25786107436223143,0.2230091564053674,4e-06,0,0.0,1.4849151945175567,1,0.5641025641025641
123,15,2,0.9034474440004868,0.5374384995517829,0.04242447997091106,4e-06,0,1.8991043725414844e-06,1.8447122849984459,1,0.358974358974359
124,16,2,0.753603121368005,0.46530957019204,0.1411866323954361,4e-06,0,0.0,1.7572992307071358,1,0.5128205128205128
125,17,2,0.9298918612299197,0.46470155841712096,0.22487609787744423,4e-06,0,0.0,1.756557211308117,1,0.1794871794871795
126,18,2,0.99,0.0633287706238029,0.057471083669208264,4e-06,0,1.2494850194905238e-06,1.1266583407713053,1,0.6923076923076923
127,19,2,0.9330434499032064,0.05044722555462199,0.11156792379462503,4e-06,0,3.5680367998584775e-07,1.1008947147954826,1,0.5897435897435898
128,20,2,0.9291764634857835,0.12437803863260935,0.25724979159462513,4e-06,0,1.233811901505052e-06,1.2484618757359898,1,0.48717948717948717
129,21,2,0.926898444505774,0.2882334165082372,0.031172373906892415,4e-06,0,9.69742169583975e-07,1.5293581336888054,1,0.46153846153846156
130,22,2,0.9716452644321812,0.2728877944701081,0.1634429809180861,4e-06,1,0.27813200422024903,1.4708993421642167,0,0.6153846153846154
131,23,2,0.908627677933024,0.2570582833476479,0.2072879669380282,4e-06,0,0.0,1.4837000984810231,1,0.38461538461538464
132,24,2,0.917736043827705,0.46152096049218433,0.07141460409447198,4e-06,1,0.28378851141780287,1.7409576800012023,1,0.358974358974359
133,25,2,0.99,0.4867804273529077,0.15096323021912803,4e-06,0,0.0,1.7834339735216078,1,0.358974358974359
134,26,2,0.9252133626348554,0.5141340888019978,0.23399642958505826,4e-06,0,5.74474145341223e-06,1.8165778270306498,1,0.6153846153846154
135,0,3,0.6583765578995027,0.05,0.09832810985035684,4e-06,0,2.9707293193532046e-06,1.0750023394464188,1,0.717948717948718
136,1,3,0.6837892293820267,0.05,0.14068548071412168,4e-06,1,0.10818530656279651,1.3208459603853797,0,0.48717948717948717
137,2,3,0.655464478323126,0.11738683427429433,0.26573522125858257,4e-06,1,0.09572295027162439,1.385851530602294,0,0.717948717948718
138,3,3,0.7279678692677954,0.3115805494583767,0.055158809973111796,4e-06,1,0.28951679073848957,1.5984024994417207,0,0.6923076923076923
139,4,3,0.7246102706787424,0.19807985183478347,0.15493172108931907,4e-06,0,0.0,1.2957249238199164,1,0.2564102564102564
140,5,3,0.7739130005182417,0.24477481798585127,0.3000366283335856,4e-06,1,0.17536901680309497,1.4014639932913937,0,0.38461538461538464
141,6,3,0.7127760105516491,0.4739285825640565,0.05532188343910822,4e-06,1,0.3568736051902104,1.887675838112106,1,0.48717948717948717
142,7,3,0.687048331828536,0.4492411205249071,0.1494731152056766,4e-06,1,0.25712745547643406,1.802036456542896,1,0.5897435897435898
143,8,3,0.6967364892125951,0.4488304335195345,0.20153024982037965,4e-06,0,5.825698347529791e-07,1.6326908590337326,1,0.5384615384615384
144,9,3,0.8290912521532128,0.05,0.07354532109824405,4e-06,0,2.9707293182430345e-06,1.0750023394463974,1,0.41025641025641024
145,10,3,0.7973267915576703,0.12507423688943012,0.16048051867681287,4e-06,0,0.0,1.1875638172449268,1,0.6410256410256411
146,11,3,0.8654041247759096,0.11260565796174812,0.26163109423786046,4e-06,1,0.11327118050839562,1.661203984406417,0,0.6923076923076923
147,12,3,0.8750034080499262,0.28755175025695584,0.03436031244088146,4e-06,0,0.0,1.422292191732765,1,0.5128205128205128
148,13,3,0.8299662012225621,0.23693777581168113,0.1356269048726406,4e-06,1,0.23748923576425088,1.7808466859680785,0,0.8461538461538461
149,14,3,0.8316463802740279,0.23725678816620727,0.25942231671609395,4e-06,1,0.1688123998683076,1.4470600696943252,0,0.5384615384615384
150,15,3,0.8880821461255956,0.4324466812814286,0.025198848592493165,4e-06,1,0.34904215211867184,1.7804762746625924,1,0.3333333333333333
151,16,3,0.8114544622252479,0.4725453165246222,0.1439668603644351,4e-06,1,0.34331368161696213,1.8589279619920038,1,0.48717948717948717
152,17,3,0.8401975739523719,0.46907558839186536,0.24829136376359412,4e-06,1,0.24842237238031561,1.7197211687832663,1,0.15384615384615385
153,18,3,0.913577004643142,0.11675646877822671,0.043353916528075985,4e-06,1,0.24307266172010839,1.3541548215132522,0,0.6666666666666666
154,19,3,0.9494541283281881,0.12104990944268701,0.11894765657878077,4e-06,1,0.22142569079859936,1.5132352994659204,0,0.5641025641025641
155,20,3,0.9013643630358348,0.053095661563939356,0.27057247105823984,4e-06,0,1.2542570043393558e-06,1.0796444676166992,1,0.48717948717948717
156,21,3,0.9091087887341067,0.24711463189230004,0.08384056572047907,4e-06,1,0.2604003071455572,1.570808011024391,0,0.4358974358974359
157,22,3,0.9130845423241892,0.29383536600160987,0.15847760948757889,4e-06,0,0.0,1.4308756173364052,1,0.6410256410256411
158,23,3,0.9043935632349507,0.21641392374188423,0.2634344115016813,4e-06,1,0.1804098669632227,1.5324878616605446,0,0.358974358974359
159,24,3,0.9424931603628619,0.5083443117936388,0.05474357254715328,4e-06,1,0.3850624430478498,2.1762982249267053,1,0.358974358974359
160,25,3,0.9822803312777788,0.4514038401682469,0.08258194333977432,4e-06,1,0.34925758499008436,1.6165891927122538,1,0.3333333333333333
161,26,3,0.9091750792194665,0.44420493780363113,0.252971044630216,4e-06,0,7.705797747068786e-07,1.6268763910117212,1,0.6153846153846154
162,0,2,0.7719037808973725,0.11548892716304354,0.03884849910242916,4e-06,0,2.4902057865639816e-06,1.2308313952895402,1,0.717948717948718
163,1,2,0.6880294118445897,0.06954796282813552,0.2114626695258986,4e-06,0,1.0664679930874188e-06,1.1390963464713508,1,0.5128205128205128
164,2,2,0.7454419473422171,0.07237448806572618,0.2756505797289184,4e-06,0,1.1779132175519071e-06,1.1447492182136307,1,0.7435897435897436
165,3,2,0.749986610681751,0.26906113428583833,0.07220042708913006,4e-06,1,0.2315787797972552,1.6252241907753964,0,0.6923076923076923
166,4,2,0.7136316563200842,0.1964916661085745,0.1525086323223167,4e-06,0,6.278293941382022e-06,1.3847638743616701,1,0.2564102564102564
167,5,2,0.7672726647720329,0.3018698602265711,0.29077661800886834,4e-06,0,2.8807957659776266e-06,1.5484798771155113,1,0.41025641025641024
168,6,2,0.7540250048381062,0.5003615954180548,0.056083918306933385,4e-06,0,8.664715316115653e-06,1.7999107250850463,1,0.5128205128205128
169,7,2,0.7024154371369766,0.46092043649496606,0.1484640866455021,4e-06,1,0.22233829514095882,1.740227610878467,1,0.5897435897435898
170,8,2,0.7719024466657856,0.5268263998554022,0.25034336317274397,4e-06,0,3.473755357726938e-06,1.831910038660418,1,0.5384615384615384
171,9,2,0.8418834406081781,0.0675271840783514,0.045468443671792126,4e-06,1,0.2715044898410302,1.4126000047516458,0,0.38461538461538464
172,10,2,0.7999873784430741,0.11533665443642604,0.16173793979799705,4e-06,0,2.4968584220764904e-06,1.2305287222103432,1,0.6410256410256411
173,11,2,0.889828055435997,0.13177671216688963,0.28077510528655714,4e-06,1,0.24914930941746696,1.3635831933442084,0,0.6923076923076923
174,12,2,0.8161981868812339,0.2174890351792582,0.06033814714251073,4e-06,0,2.2139423267748815e-06,1.420801711011299,1,0.5128205128205128
175,13,2,0.8939991860136833,0.24603314030406484,0.11267382363417391,4e-06,1,0.28583117991933166,1.4978143101908676,0,0.8461538461538461
176,14,2,0.858689247792421,0.24393750263831787,0.23266317675767031,4e-06,0,0.0,1.463524397683086,1,0.5641025641025641
177,15,2,0.824877356650985,0.5093435850291032,0.03794022259612386,4e-06,0,6.708474251145325e-06,1.8107843270613464,1,0.358974358974359
178,16,2,0.8609281609140849,0.4658171299672528,0.13556276628403763,4e-06,1,0.2543922596144365,2.0697983046062935,1,0.48717948717948717
179,17,2,0.8627275795069831,0.4651376146179714,0.1865003665308841,4e-06,0,0.0,1.7570893874552085,1,0.1794871794871795
180,18,2,0.9511643978630667,0.10092751834098097,0.046471674337246374,4e-06,0,2.6903136303077288e-06,1.2018194627423937,1,0.6923076923076923
181,19,2,0.9658373549772329,0.1468431460541072,0.11616657705324858,4e-06,0,6.624254035267365e-07,1.292509179978659,1,0.5897435897435898
182,20,2,0.9198843233108551,0.07316961861767414,0.2402121398493088,4e-06,1,0.26573713482012673,1.3250856848667918,0,0.46153846153846156
183,21,2,0.9365624309983941,0.30715180642193407,0.05106729430953875,4e-06,0,5.105352022855654e-07,1.5557689254330085,1,0.46153846153846156
184,22,2,0.9462680540138603,0.2539317347813843,0.16096423417928504,4e-06,0,2.520737625604861e-06,1.4789519680972445,1,0.6410256410256411
185,23,2,0.9217094188019415,0.27906993610827574,0.23914502388746975,4e-06,0,9.43412273354336e-07,1.516239529273928,1,0.38461538461538464
186,24,2,0.9863440543956844,0.5009325676331345,0.05835727743535418,4e-06,1,0.35301192216879834,1.8475872365378532,1,0.358974358974359
187,25,2,0.966998635897446,0.4418909920188375,0.169997180058286,4e-06,0,0.0,1.7286253187578324,1,0.358974358974359
188,26,2,0.8923080345776235,0.49824766268423953,0.2525194300994336,4e-06,1,0.2795028023421962,1.9325205626601403,1,0.5897435897435898
189,0,3,0.6463129933451637,0.08779168753682323,0.03245377595200998,4e-06,1,0.21022042030936314,1.3871087243438007,0,0.6923076923076923
190,1,3,0.7111545713858896,0.06976321151129367,0.17172848032368684,4e-06,0,2.0058123724656825e-07,1.1046449169920467,1,0.5128205128205128
191,2,3,0.6216563423841187,0.09963042121212067,0.24337098046640937,4e-06,1,0.07916858307722059,1.366846615562466,0,0.717948717948718
192,3,3,0.6988807017387912,0.25676679518530543,0.07842948829544899,4e-06,0,0.0,1.3796639084254843,1,0.717948717948718
193,4,3,0.6562670456845047,0.2586675000150612,0.18734842135939336,4e-06,0,0.0,1.3823240975592561,1,0.2564102564102564
194,5,3,0.5999320062336138,0.19888021412168874,0.22500889831611964,4e-06,1,0.14329315485365715,1.6251101965088368,0,0.38461538461538464
195,6,3,0.7015432449192366,0.4906476100753266,0.08148018831630222,4e-06,1,0.36951937383624994,1.8281943393939322,1,0.48717948717948717
196,7,3,0.6655072816209783,0.5143662661556139,0.10393073790221641,4e-06,1,0.3538848419339131,1.8314254560398122,1,0.5897435897435898
197,8,3,0.6941023004032733,0.5476482832144779,0.23133377664115845,4e-06,1,0.24982591538020674,1.7371616275169925,1,0.5128205128205128
198,9,3,0.840982742030876,0.061689506650893164,0.052097587429844765,4e-06,0,1.8982566473522989e-06,1.0925356813885652,1,0.41025641025641024
199,10,3,0.8658813320006197,0.11666746265950376,0.13133496899237224,4e-06,1,0.16996483437556734,1.3850622540240192,0,0.6153846153846154
200,11,3,0.8963003103208453,0.14308905269689873,0.2658824022137717,4e-06,1,0.13210756177041189,1.2647178169867856,0,0.6923076923076923
201,12,3,0.8372837380548614,0.22398984231029723,0.05357677583382177,4e-06,0,0.0,1.3332019251180287,1,0.5128205128205128
202,13,3,0.8433536863220107,0.3064652464061215,0.14490840610738864,4e-06,1,0.2769073640806708,1.456369266131545,0,0.8461538461538461
203,14,3,0.8530285315182733,0.25018050041308215,0.2634497219791948,4e-06,1,0.18012434207250833,1.4363695236511902,0,0.5384615384615384
204,15,3,0.9158957599041332,0.509288602457275,0.06768640658106806,4e-06,1,0.3718372331385498,1.7164494562226686,1,0.3333333333333333
205,16,3,0.8876115785953436,0.5259790591525146,0.1563482919838515,4e-06,1,0.3503211340273308,2.0367380425535493,1,0.48717948717948717
206,17,3,0.8696306683597528,0.5360091877477796,0.2586807747087133,4e-06,0,0.0,1.7408554832729177,1,0.1794871794871795
207,18,3,0.8327762249658889,0.1114865720915515,0.01,4e-06,1,0.23487681918659392,1.5979704796299605,0,0.6666666666666666
208,19,3,0.9680707440376394,0.11432588011800386,0.11512713659580208,4e-06,1,0.2221216804201669,1.4447108199500978,0,0.5641025641025641
209,20,3,0.9306387947370929,0.16728760937208956,0.2499424044047096,4e-06,0,0.0,1.2504586053984896,1,0.48717948717948717
210,21,3,0.99,0.2539308134858026,0.019929680579275966,4e-06,0,0.0,1.3756863990342447,1,0.46153846153846156
211,22,3,0.8954103339119374,0.2423250378597753,0.1277342371800769,4e-06,1,0.2427078884312928,1.4537155971961997,0,0.6153846153846154
212,23,3,0.9513844749674102,0.2415161275255729,0.24681454208132272,4e-06,1,0.24451792621730886,1.5637791286955,0,0.358974358974359
213,24,3,0.9100115108532247,0.46875237102136186,0.0831403764620759,4e-06,0,0.0,1.6576321808247447,1,0.38461538461538464
214,25,3,0.893326316296125,0.5133143812814931,0.1639010941809806,4e-06,1,0.36171900342800617,1.9386647142211328,1,0.3333333333333333
215,26,3,0.9794233236971349,0.5112315935511879,0.26895944451284187,4e-06,1,0.35229455691668254,1.8545607638776982,1,0.5897435897435898
216,0,2,0.7132416061998478,0.09092140721588661,0.03551629523826066,4e-06,1,0.28822557628684276,1.4362796590553555,0,0.6923076923076923
217,1,2,0.7717748021840143,0.13944423614517715,0.1467079745510945,4e-06,0,4.9213951805000915e-06,1.278107923932699,1,0.5128205128205128
218,2,2,0.7306729148713698,0.10363533847898386,0.2539229256373463,4e-06,1,0.22946032977259795,1.3645972052992108,0,0.717948717948718
219,3,2,0.6708285225450535,0.23756580802492425,0.06901731133201228,4e-06,1,0.29711496785800373,1.618311990336435,0,0.6923076923076923
220,4,2,0.7136083990747335,0.2701023772660657,0.1387547561130717,4e-06,0,0.0,1.503167606041973,1,0.2564102564102564
221,5,2,0.6506074765235408,0.2932691437355873,0.2349776576872925,4e-06,0,9.116135244538008e-07,1.5364724731896626,1,0.41025641025641024
222,6,2,0.6581982516165479,0.4693686451796503,0.05156519955972601,4e-06,1,0.23302811588271874,1.9269800479427244,1,0.48717948717948717
223,7,2,0.7247880786192991,0.5101962608357811,0.15948143611932858,4e-06,1,0.2256627855404863,2.064643403266232,1,0.5897435897435898
224,8,2,0.7246453867200895,0.4367613997466767,0.23906685243206616,4e-06,0,0.0,1.7223155326526367,1,0.5384615384615384
225,9,2,0.8498146811110262,0.1313659682436904,0.08562903178163363,4e-06,0,3.252268086334631e-07,1.262255736552785,1,0.41025641025641024
226,10,2,0.829985556904124,0.11455483337637214,0.13416247088027058,4e-06,0,2.5135437019582096e-06,1.228974388767445,1,0.6410256410256411
227,11,2,0.827689146160423,0.12417035917727504,0.27032204106076907,4e-06,1,0.2363152182901522,1.4337690433284287,0,0.6923076923076923
228,12,2,0.888955765128696,0.2709569903611452,0.05305777662117973,4e-06,1,0.266940694299711,1.53195227896612,0,0.48717948717948717
229,13,2,0.8284934969238791,0.2662778338987588,0.12133124497795805,4e-06,0,0.0,1.497518155025777,1,0.8717948717948718
230,14,2,0.8003297788448642,0.24387794246683453,0.25328943263722026,4e-06,1,0.2400376997959745,1.5933235065985705,0,0.5384615384615384
231,15,2,0.9088805826596054,0.5044952724196184,0.0623351575404789,4e-06,0,7.740855126994316e-06,1.8049168253613133,1,0.358974358974359
232,16,2,0.8677890727278093,0.4953894468691395,0.19362150544372375,4e-06,0,9.826728092232168e-06,1.7938846933524506,1,0.5128205128205128
233,17,2,0.824225315191479,0.4981924446079614,0.21784112343129342,4e-06,0,9.165005486670518e-06,1.7972824283876174,1,0.1794871794871795
234,18,2,0.99,0.09767931460537438,0.04409342903888272,4e-06,1,0.3917151548150568,1.4872299084627065,0,0.6666666666666666
235,19,2,0.8862882296111388,0.07261366039843518,0.15680358138327405,4e-06,1,0.25773188596754604,1.1848141025905141,0,0.5641025641025641
236,20,2,0.99,0.08240244744787298,0.2930590046993632,4e-06,1,0.2635967133718713,1.5179010614591777,0,0.46153846153846156
237,21,2,0.967303778069046,0.2518574945103988,0.05331187176836656,4e-06,0,0.0,1.4757796236748912,1,0.46153846153846156
238,22,2,0.8940756136080459,0.20369124392433755,0.1695973464984368,4e-06,1,0.25874142444223547,1.7494527561323259,0,0.6153846153846154
239,23,2,0.9503402250689261,0.2738479675874688,0.25541091829079193,4e-06,0,0.0,1.5086562633225853,1,0.38461538461538464
240,24,2,0.99,0.547375565089449,0.06483669965968561,4e-06,0,9.543585490290726e-06,1.8566899331786741,1,0.38461538461538464
241,25,2,0.99,0.5184229753133787,0.16795041141224648,4e-06,0,4.9308523305436556e-06,1.8217614914464324,1,0.358974358974359
242,26,2,0.9061064930181182,0.5210216947057875,0.2093255808662034,4e-06,0,4.4606277308551235e-06,1.82490098455342,1,0.6153846153846154
243,0,3,0.7336088065077678,0.14462194869057587,0.04184976848938124,4e-06,1,0.2427330755493797,1.5367173017667444,0,0.6923076923076923
244,1,3,0.6903825121171863,0.10306093891721724,0.1523696614902003,4e-06,1,0.09685316743992249,1.2756808729995202,0,0.48717948717948717
245,2,3,0.714081378872117,0.07034118551696182,0.26350951834131436,4e-06,1,0.09143340263354212,1.604251576020958,0,0.717948717948718
246,3,3,0.6700074664686193,0.24292511913475442,0.04447472760454335,4e-06,1,0.26802920919873446,1.6488289814731427,0,0.6923076923076923
247,4,3,0.6960621599076847,0.24268311669467987,0.08707647127169575,4e-06,0,2.604322694345994e-06,1.3598367489037102,1,0.2564102564102564
248,5,3,0.6894770630217458,0.2294244197147007,0.2914512278013339,4e-06,1,0.15692713192645788,1.4647443905869084,0,0.38461538461538464
249,6,3,0.7024681853620147,0.5011168350926473,0.047336106568624976,4e-06,0,0.0,1.6978476898039663,1,0.5128205128205128
250,7,3,0.7687518001219943,0.43041167819746345,0.08995362766683963,4e-06,1,0.3438816688270344,1.858379291952274,1,0.5897435897435898
251,8,3,0.7276041769905605,0.5141926159408242,0.2384726226135829,4e-06,1,0.23403887599972076,2.048403236325188,1,0.5128205128205128
252,9,3,0.8912078161261092,0.10552173493814697,0.07887972717460524,4e-06,1,0.22019796531824493,1.5304186675127749,0,0.38461538461538464
253,10,3,0.8779126735600001,0.10331839367736034,0.1500401954026346,4e-06,0,2.663863262072627e-06,1.154972061665048,1,0.6410256410256411
254,11,3,0.7519651148583966,0.05746947489521292,0.2143878872087689,4e-06,1,0.11077320576300037,1.15654721861235,0,0.6923076923076923
255,12,3,0.7897069740890781,0.22044525903067522,0.0241747496442929,4e-06,0,7.502813234535396e-07,1.3281132577615526,1,0.5128205128205128
256,13,3,0.9220696779098858,0.23764751746946053,0.13909250129079603,4e-06,1,0.2501879470929592,1.3918940650133378,0,0.8461538461538461
257,14,3,0.845324792543659,0.22006444050267923,0.2474544840501397,4e-06,0,7.546329456733942e-07,1.327565713991426,1,0.5641025641025641
258,15,3,0.8195210216675897,0.5044588128590849,0.060986287933518124,4e-06,0,2.068864123864048e-06,1.7019841176848918,1,0.358974358974359
259,16,3,0.8841874292054225,0.47599364910194447,0.16898573743821918,4e-06,1,0.3338310136419083,1.755477428907394,1,0.48717948717948717
260,17,3,0.7949445000368821,0.4905140688625644,0.26096091226191304,4e-06,1,0.23284703654368108,1.9902302259786566,1,0.15384615384615385
261,18,3,0.99,0.13022532312959678,0.042300376508007415,4e-06,1,0.24333252121520915,1.4916525824605562,0,0.6666666666666666
262,19,3,0.99,0.15881453802349083,0.11316000357532507,4e-06,0,0.0,1.2378951074425677,1,0.5897435897435898
263,20,3,0.9076687579664945,0.06032376600124964,0.2354141760790286,4e-06,1,0.12973616690512596,1.295418021306712,0,0.46153846153846156
264,21,3,0.9459041317355561,0.23048309138783224,0.029773626148264735,4e-06,1,0.2364380027792884,1.6058818631337444,0,0.4358974358974359
265,22,3,0.99,0.2589253321355666,0.17660277163214216,4e-06,1,0.24651217381679466,1.5581372244098244,0,0.6153846153846154
266,23,3,0.942561732912558,0.22859338055888934,0.17044874995242393,4e-06,1,0.2421198259196808,1.4636668665322545,0,0.358974358974359
267,24,3,0.8600086488819356,0.4641392307710569,0.08974867038144893,4e-06,0,0.0,1.6518712485195852,1,0.38461538461538464
268,25,3,0.99,0.5123294773070263,0.17347676477145477,4e-06,1,0.3623231395574147,1.828826985643553,1,0.3333333333333333
269,26,3,0.9791485693629738,0.4827005812329892,0.266786211118485,4e-06,0,0.0,1.6750083725225116,1,0.6153846153846154
270,0,2,0.6780178951547966,0.06631694703187016,0.014476150043051833,4e-06,1,0.34210604187433336,1.2694065259280793,0,0.6923076923076923
271,1,2,0.7034602216768584,0.10981029606367945,0.12622422508626258,4e-06,1,0.2232683899827114,1.6687314804862305,0,0.48717948717948717
272,2,2,0.7228214814455394,0.11854572143995903,0.29655640360367463,4e-06,0,2.185427995708377e-06,1.2369030761103588,1,0.7435897435897436
273,3,2,0.7673434483815209,0.23407070486332857,0.08134618437363283,4e-06,0,7.474122132915378e-06,1.447923418733298,1,0.717948717948718
274,4,2,0.6835140248617213,0.195769094206752,0.14485306469350956,4e-06,0,6.370025784789639e-06,1.383489626517307,1,0.2564102564102564
275,5,2,0.7606717062855699,0.22609267032109928,0.25905912227557815,4e-06,0,9.329902869735836e-07,1.435017202977492,1,0.41025641025641024
276,6,2,0.6748606107945284,0.5232348411159612,0.04884385214469763,4e-06,1,0.2237442697019898,1.8746555020201843,1,0.48717948717948717
277,7,2,0.7399734532989796,0.5029224023887334,0.17387334029232698,4e-06,0,8.087743814823133e-06,1.803012383633941,1,0.6153846153846154
278,8,2,0.6980176464979366,0.49653503362103196,0.2249182865546264,4e-06,0,9.55423861199136e-06,1.7952735470147605,1,0.5384615384615384
279,9,2,0.8737421877962226,0.14610896961752934,0.0934803440370891,4e-06,0,0.0,1.291084945096613,1,0.41025641025641024
280,10,2,0.8649220927373671,0.08129197932225363,0.15070065948343667,4e-06,1,0.26903420829294117,1.3352486252262112,0,0.6153846153846154
281,11,2,0.8645479260137184,0.09345912615686734,0.2858085571556913,4e-06,0,0.0,1.1869024268774222,1,0.717948717948718
282,12,2,0.7694358962053884,0.2738751596565932,0.051814053443521045,4e-06,0,0.0,1.5086959534833682,1,0.5128205128205128
283,13,2,0.8490706515659854,0.31010528231204026,0.1747259885938759,4e-06,1,0.26901385233823455,1.8612055958644587,0,0.8461538461538461
284,14,2,0.8324378435958024,0.23816281444391818,0.18612406332399947,4e-06,0,3.5172432778807374e-06,1.4544404698309694,1,0.5641025641025641
285,15,2,0.7869752269131753,0.48015749323079554,0.015276061032997341,4e-06,0,0.0,1.7753856668809869,1,0.358974358974359
286,16,2,0.852139265072876,0.4374679353503458,0.1684281131507119,4e-06,0,0.0,1.7231853157270227,1,0.5128205128205128
287,17,2,0.7507716596006183,0.4701074412199283,0.2869870580230809,4e-06,0,0.0,1.76315055523679,1,0.1794871794871795
288,18,2,0.9360990635122591,0.06459997664598224,0.0741371090475451,4e-06,0,7.379016007193813e-07,1.1292003699522364,1,0.6923076923076923
289,19,2,0.9726184167667636,0.15508677519190062,0.1439117416897389,4e-06,0,0.0,1.3083980304802711,1,0.5897435897435898
290,20,2,0.8905977808349025,0.1357124068988123,0.22718473455785906,4e-06,0,0.0,1.2707964563155318,1,0.48717948717948717
291,21,2,0.887484626186406,0.2568631008678681,0.07902398818775033,4e-06,0,0.0,1.483404332926594,1,0.46153846153846156
292,22,2,0.8864440974328509,0.24628572117011022,0.1722608670893847,4e-06,1,0.26409452924046173,1.3671831310053804,0,0.6153846153846154
293,23,2,0.9850617441632608,0.2581028630259186,0.2623591474638026,4e-06,0,0.0,1.4852807246373425,1,0.38461538461538464
294,24,2,0.9687421111402481,0.5197366403129954,0.13132236581654977,4e-06,0,4.690972387215311e-06,1.823348647737942,1,0.38461538461538464
295,25,2,0.9671118559298852,0.5131697308816668,0.13419853824161376,4e-06,0,5.934155302640598e-06,1.8154118698695834,1,0.358974358974359
296,26,2,0.99,0.5098053041116407,0.22803143855793773,4e-06,1,0.17501725947042746,1.8877542233318945,1,0.5897435897435898
297,0,3,0.6898847421472867,0.1168681861574348,0.011243531953049307,4e-06,1,0.24662171506162978,1.4162828509363017,0,0.6923076923076923
298,1,3,0.7288746059110892,0.15738864423195256,0.16398532986591932,4e-06,1,0.1351763069701168,1.520574011045208,0,0.48717948717948717
299,2,3,0.6835864010661956,0.09238111965856657,0.23866580401725185,4e-06,1,0.09515057087889281,1.2952364585374114,0,0.717948717948718
300,3,3,0.6306716358716407,0.275860001512364,0.03860940424572317,4e-06,1,0.26805961931493644,1.716511223636866,0,0.6923076923076923
301,4,3,0.7531452426739774,0.2873690488051562,0.1787877157725022,4e-06,0,0.0,1.4220420383512948,1,0.2564102564102564
302,5,3,0.733164842842642,0.26214565262907125,0.20184186258602296,4e-06,1,0.18178574202037154,1.5072299314719757,0,0.38461538461538464
303,6,3,0.722243010952926,0.5053178410084657,0.05873694250542139,4e-06,0,7.538484428488227e-07,1.7030456699414043,1,0.5128205128205128
304,7,3,0.7490413563964271,0.4139883513865177,0.14047684335486954,4e-06,1,0.29775078332610233,1.8104145056268777,1,0.5897435897435898
305,8,3,0.7037673223292924,0.5374627331723152,0.21740296421228228,4e-06,0,0.0,1.7426402233532763,1,0.5384615384615384
306,9,3,0.8133670609081425,0.0798426392896097,0.09432180902510105,4e-06,1,0.15776818803182052,1.1833985597826013,0,0.38461538461538464
307,10,3,0.7751512753575605,0.1558695268418464,0.16807957338919496,4e-06,1,0.1400193298580446,1.2817447155595123,0,0.6153846153846154
308,11,3,0.8730218603999957,0.0577054171315657,0.28547592225257973,4e-06,1,0.10682327627904378,1.3270873212760559,0,0.6923076923076923
309,12,3,0.8303337754013806,0.23258045791763246,0.07084011834885226,4e-06,0,0.0,1.345485922246774,1,0.5128205128205128
310,13,3,0.8760699256561216,0.24973615931543286,0.16539599433231542,4e-06,1,0.23819189640373353,1.6570989193550574,0,0.8461538461538461
311,14,3,0.78728278334278,0.28782811970688954,0.29103722352162914,4e-06,1,0.19288176897495837,1.5950470486887494,0,0.5384615384615384
312,15,3,0.9391709444222389,0.5298647084883595,0.07913417020468735,4e-06,0,0.0,1.7333053372326657,1,0.358974358974359
313,16,3,0.8416236469184156,0.5117159178895855,0.19203558825101688,4e-06,0,0.0,1.710948417947536,1,0.5128205128205128
314,17,3,0.8135422550745084,0.5247328118715494,0.2776345223918438,4e-06,0,0.0,1.7269922482332414,1,0.1794871794871795
315,18,3,0.9391628747936877,0.07213032498608263,0.02395419708077661,4e-06,1,0.22704257239091247,1.4061014123214137,0,0.6666666666666666
316,19,3,0.959477944461838,0.0974965365032022,0.13680036886410873,4e-06,0,3.7696523975981523e-06,1.1462434485284452,1,0.5897435897435898
317,20,3,0.99,0.08006121999810607,0.2608177503297052,4e-06,1,0.2166040522383192,1.3145279622221175,0,0.46153846153846156
318,21,3,0.99,0.24567917019835972,0.058701211894506056,4e-06,0,3.1461254015971244e-07,1.3640711324050532,1,0.46153846153846156
319,22,3,0.9377373751485176,0.2322033944538892,0.14023364965441404,4e-06,1,0.25664464285804534,1.7755237184333783,0,0.6153846153846154
320,23,3,0.9457910346299652,0.23814267564989586,0.29401543752127124,4e-06,0,0.0,1.3533972178315672,1,0.38461538461538464
321,24,3,0.9536297025500868,0.5535595518267418,0.06071958268131881,4e-06,0,0.0,1.762372383835162,1,0.38461538461538464
322,25,3,0.921015557939291,0.47438722332237765,0.16379117865044962,4e-06,0,4.015512943550934e-06,1.6646627672267662,1,0.358974358974359
323,26,3,0.8985442665966521,0.45919224901132016,0.20718590793441277,4e-06,0,2.7694666297358376e-07,1.6456838235170974,1,0.6153846153846154
324,0,2,0.7043794143778834,0.13375131765124076,0.04959752639225574,4e-06,0,3.0376768050128895e-06,1.2669491125838601,1,0.717948717948718
325,1,2,0.6934880401346957,0.16287996250676318,0.10628586261241331,4e-06,1,0.2702747803175281,1.4106979142386311,0,0.48717948717948717
326,2,2,0.7682341072217825,0.11349935024039645,0.26689939220549275,4e-06,0,2.4820401104750755e-06,1.2268752010746007,1,0.7435897435897436
327,3,2,0.7311043812111414,0.22571541043321702,0.076341757367246,4e-06,1,0.30187203050170036,1.536203799323887,0,0.6923076923076923
328,4,2,0.7131347189132615,0.25536222889858984,0.13151120735423677,4e-06,1,0.23220542678129122,1.6079598403806532,0,0.23076923076923078
329,5,2,0.6571319469255302,0.23939155775159066,0.21688034093885017,4e-06,0,7.489390493191535e-06,1.4563857893329732,1,0.41025641025641024
330,6,2,0.6539965802339054,0.5213593106897315,0.0145556279621354,4e-06,0,4.4008203830303486e-06,1.825308781487493,1,0.5128205128205128
331,7,2,0.7530058691549935,0.5099086983684977,0.14364798592366818,4e-06,0,6.591836030635312e-06,1.8114679629026513,1,0.6153846153846154
332,8,2,0.6157123061068124,0.4987059923107728,0.30992542533414286,4e-06,1,0.26741332911205457,2.021266867243605,1,0.5128205128205128
333,9,2,0.8719251351856878,0.12686815729943038,0.01,4e-06,1,0.39976628039604345,1.477869829984332,0,0.38461538461538464
334,10,2,0.8584116516434458,0.07855370314307472,0.18936075786659742,4e-06,0,4.280739583625697e-07,1.157105960678686,1,0.6410256410256411
335,11,2,0.7992794433262401,0.05,0.24297623388151263,4e-06,0,1.590758235291997e-07,1.1000001174932663,1,0.717948717948718
336,12,2,0.8330214916087241,0.28236637117089214,0.08595559509550081,4e-06,1,0.2736626407580829,1.7049078708286594,0,0.48717948717948717
337,13,2,0.8746912632196904,0.2666608068552573,0.15928174710470835,4e-06,1,0.2686684736920619,1.9103765928071574,0,0.8461538461538461
338,14,2,0.8034068761415584,0.31026266158555416,0.22121716740574396,4e-06,0,0.0,1.5600334453368419,1,0.5641025641025641
339,15,2,0.8127894125091979,0.5454910594017601,0.042173005309974504,4e-06,0,6.977547346574754e-07,1.8544178079350924,1,0.358974358974359
340,16,2,0.8594782155487698,0.4968512553199948,0.1909155097479807,4e-06,0,9.479516931494045e-06,1.7956568704634317,1,0.5128205128205128
341,17,2,0.8178703963219318,0.5165357518610508,0.26186527319087527,4e-06,0,5.283217263613873e-06,1.8194809014031295,1,0.1794871794871795
342,18,2,0.921026299223672,0.08254835952393261,0.03903591217657325,4e-06,0,4.226101362286732e-06,1.1650960100749301,1,0.6923076923076923
343,19,2,0.9208555805896188,0.12314599779285759,0.1742736393297073,4e-06,1,0.27231998334269136,1.4733447142129499,0,0.5641025641025641
344,20,2,0.9343184081651706,0.10419772936117341,0.22550274677633275,4e-06,0,1.118389173033586e-06,1.2083438342474855,1,0.48717948717948717
345,21,2,0.9246074734411417,0.21509578600623186,0.054861786771886245,4e-06,0,2.6483379782451957e-06,1.4167910106371684,1,0.46153846153846156
346,22,2,0.8865160679680703,0.250753861336481,0.14340192614200992,4e-06,0,0.0,1.474086120461989,1,0.6410256410256411
347,23,2,0.8918560288027347,0.21212832103428503,0.2508827072675492,4e-06,0,3.228240602993603e-06,1.4117835531392857,1,0.38461538461538464
348,24,2,0.8614325051582798,0.5103717973940474,0.0856886601586293,4e-06,0,6.496837394489346e-06,1.8120281473993505,1,0.38461538461538464
349,25,2,0.9218772367640878,0.4964190140216937,0.10137259445075544,4e-06,0,9.581707795665101e-06,1.7951329030159626,1,0.358974358974359
350,26,2,0.987710632049011,0.47045015216826674,0.2363341646498971,4e-06,0,0.0,1.7635682483552308,1,0.6153846153846154
351,0,3,0.6930464919962153,0.07811268417593062,0.061339129939840954,4e-06,1,0.17546478399430415,1.5751317141178598,0,0.6923076923076923
352,1,3,0.7128339858529842,0.10715802372785331,0.19733304614795658,4e-06,0,1.6077007582526334e-06,1.1607274292320409,1,0.5128205128205128
353,2,3,0.7453075928207835,0.1379361942801411,0.20734709051966282,4e-06,1,0.1151408113998908,1.4996453359641126,0,0.717948717948718
354,3,3,0.7543248438346903,0.26524237315597193,0.05585789094439318,4e-06,0,0.0,1.391497232501546,1,0.717948717948718
355,4,3,0.711528762523613,0.2424287762504655,0.14872264136866667,4e-06,1,0.18501096955727767,1.5371558730484196,0,0.23076923076923078
356,5,3,0.67287713886026,0.26596388121644315,0.3374273394524626,4e-06,0,0.0,1.3925011394901947,1,0.41025641025641024
357,6,3,0.6695923964552437,0.5173220773255774,0.05139672419983583,4e-06,0,0.0,1.7178638084685183,1,0.5128205128205128
358,7,3,0.7470202630603512,0.5057726335330455,0.18396156865242533,4e-06,0,7.432766126527532e-08,1.7036076024795221,1,0.6153846153846154
359,8,3,0.7150024860756936,0.5323353006723555,0.21340372765475435,4e-06,0,0.0,1.7363422310686962,1,0.5384615384615384
360,9,3,0.8558375317657909,0.09948886331987611,0.05849205764029969,4e-06,0,3.5420478031188133e-06,1.1492308014960042,1,0.41025641025641024
361,10,3,0.8889527628686923,0.10024845729873781,0.14388654416626356,4e-06,1,0.1716889472696533,1.2406411441502811,0,0.6153846153846154
362,11,3,0.8701219467350746,0.05,0.26945182033716136,4e-06,1,0.11438420947282892,1.8050303050863168,0,0.6923076923076923
363,12,3,0.8452332465068831,0.2850861444188165,0.0446403449295833,4e-06,0,0.0,1.4189135042535128,1,0.5128205128205128
364,13,3,0.8297358921611518,0.2881864830626399,0.1660889090754268,4e-06,1,0.23796405492554618,1.5138021573015108,0,0.8461538461538461
365,14,3,0.7873129163765821,0.2616542260255462,0.19720552876913602,4e-06,1,0.18340667032619856,1.644150875454162,0,0.5384615384615384
366,15,3,0.8551448636996506,0.5716085539872177,0.01699593338827083,4e-06,0,0.0,1.7844321797550624,1,0.358974358974359
367,16,3,0.8976555856116566,0.479113638452603,0.15671902285120343,4e-06,0,7.537235721726909e-07,1.6705475110764538,1,0.5128205128205128
368,17,3,0.8612782346957663,0.4790395869204551,0.24732038791897795,4e-06,0,8.040494301188332e-07,1.6704553713360981,1,0.1794871794871795
369,18,3,0.9680008269368733,0.09317741762068349,0.01,4e-06,1,0.23018723614668146,1.5845238818319327,0,0.6666666666666666
370,19,3,0.964581001519712,0.0782195470689707,0.14158198659485807,4e-06,1,0.20027559815873391,1.2470374399664745,0,0.5641025641025641
371,20,3,0.9284875461457144,0.13685262436840454,0.23081489827337573,4e-06,1,0.15558570936428057,1.3472283643514256,0,0.46153846153846156
372,21,3,0.9284673518855368,0.25743842682555623,0.04575813493568594,4e-06,0,0.0,1.3806043399722352,1,0.46153846153846156
373,22,3,0.8870988699999023,0.208541529059091,0.13404367518171728,4e-06,1,0.2555097691057232,1.3810245787952518,0,0.6153846153846154
374,23,3,0.966408480627182,0.23602695505425766,0.32123819650079294,4e-06,1,0.22401571543412588,1.5569026295004,0,0.358974358974359
375,24,3,0.9048818790597732,0.48519795978851965,0.054242584200216326,4e-06,0,2.5259235366609712e-06,1.6781135719762796,1,0.38461538461538464
376,25,3,0.9594730446715211,0.5570872238682251,0.1363968510489422,4e-06,0,0.0,1.7666891745107076,1,0.358974358974359
377,26,3,0.94344185999892,0.4825711943440555,0.18172790788834742,4e-06,1,0.34545633958869426,1.9258500662318474,1,0.5897435897435898
378,0,2,0.695473263610844,0.06961948445835515,0.05379790130833081,4e-06,0,1.079324224402297e-06,1.1392393933929459,1,0.717948717948718
379,1,2,0.7242516462443482,0.05984852766028467,0.18141945858221276,4e-06,1,0.24252691603438425,1.5020953762709541,0,0.48717948717948717
380,2,2,0.6734919436657893,0.15768838582199732,0.28382064284927266,4e-06,1,0.2380600285129674,1.36495037905145,0,0.717948717948718
381,3,2,0.6788291077320042,0.2521982594375709,0.051125696970187956,4e-06,0,0.0,1.4763016015547044,1,0.717948717948718
382,4,2,0.6987666994366326,0.24356874670884657,0.1067406379307996,4e-06,0,0.0,1.4629479037952853,1,0.2564102564102564
383,5,2,0.6452666280979552,0.24431333465382166,0.22540738213687467,4e-06,0,0.0,1.4641114055192812,1,0.41025641025641024
384,6,2,0.6844546727573272,0.5443218099492401,0.06519749462570762,4e-06,1,0.2915776039495209,1.8413728661164568,1,0.48717948717948717
385,7,2,0.6690139257495175,0.48269010885867397,0.15941457060321365,4e-06,0,0.0,1.7784646379736724,1,0.6153846153846154
386,8,2,0.7357142326529181,0.47676469815459815,0.2314316034222591,4e-06,1,0.2556327272435172,1.818285834154346,1,0.5128205128205128
387,9,2,0.8939676622219125,0.1188638888083091,0.10129831862036213,4e-06,0,2.1401712133961793e-06,1.237534552661544,1,0.41025641025641024
388,10,2,0.8087713187227064,0.10211257381981867,0.114713990500697,4e-06,0,2.0874382131022154e-06,1.2041842219958294,1,0.6410256410256411
389,11,2,0.807713805034469,0.0684433818130476,0.24567146864439235,4e-06,1,0.2414680054907027,1.2722463402464907,0,0.6923076923076923
390,12,2,0.8836850783655052,0.22246739387747458,0.13428706910289176,4e-06,1,0.26592995551184134,1.3966444390010702,0,0.48717948717948717
391,13,2,0.8319446219614242,0.2521605292575116,0.11113976446601895,4e-06,1,0.2708120298122954,1.538851810538397,0,0.8461538461538461
392,14,2,0.8947800272321166,0.25890747612208337,0.20959592353661305,4e-06,0,0.0,1.4864966512132247,1,0.5641025641025641
393,15,2,0.9084942105389344,0.5242758419555952,0.052863171154632085,4e-06,0,3.896522527251474e-06,1.8288308858906657,1,0.358974358974359
394,16,2,0.8106633608536388,0.5206328339479962,0.18638651075169466,4e-06,0,4.529879682797208e-06,1.8244312695168996,1,0.5128205128205128
395,17,2,0.8620620922725162,0.5304654564944878,0.20024993303253263,4e-06,1,0.25443859949968756,2.0600026270690117,1,0.15384615384615385
396,18,2,0.9609536959323383,0.09097706245459795,0.01,4e-06,1,0.45127055196778776,1.480639341135741,0,0.6666666666666666
397,19,2,0.9440771038180897,0.08309585723724791,0.13670963540275596,4e-06,0,0.0,1.1661852396315004,1,0.5897435897435898
398,20,2,0.9676981841987884,0.0908671971143,0.23771053214895993,4e-06,0,0.0,1.1817231230990224,1,0.48717948717948717
399,21,2,0.9690814050890583,0.24998310708631125,0.051190805797926855,4e-06,0,0.0,1.4729006143046015,1,0.46153846153846156
400,22,2,0.87188737879807,0.1907849839042311,0.1582141153597056,4e-06,1,0.28495438430026604,1.7723400882563811,0,0.6153846153846154
401,23,2,0.9315149169931022,0.26993061022719794,0.2779791652897336,4e-06,0,0.0,1.502914868036627,1,0.38461538461538464
402,24,2,0.9395668616638166,0.4367693183715679,0.07307708624111384,4e-06,1,0.22686171887300366,1.8288109817958873,1,0.358974358974359
403,25,2,0.9148143029052997,0.5202138318100328,0.17581589123884336,4e-06,0,4.60493786813226e-06,1.8239251206592269,1,0.358974358974359
404,26,2,0.9149556030308816,0.49320636246367583,0.27241816153430365,4e-06,1,0.2737169844088898,1.9851989010923479,1,0.5897435897435898
405,0,3,0.7165846514010681,0.11735984901445501,0.05263888688993006,4e-06,1,0.21909523651025464,1.6336685423874275,0,0.6923076923076923
406,1,3,0.6896517639325708,0.14434836807148177,0.1229792344886197,4e-06,1,0.1323564363848467,1.2663893665884383,0,0.48717948717948717
407,2,3,0.7351581611080357,0.05507880489716391,0.21069109750703682,4e-06,1,0.10263029502654386,1.0853064975943754,0,0.717948717948718
408,3,3,0.7013078090101308,0.21645082548380368,0.0384634966994625,4e-06,1,0.2474085476909917,1.3633494363206236,0,0.6923076923076923
409,4,3,0.7092512809097345,0.24101986276744833,0.1701634294528931,4e-06,1,0.16856480082330608,1.6743118941614625,0,0.23076923076923078
410,5,3,0.6723226521530156,0.24494044739798643,0.2813123019316148,4e-06,1,0.165010393018436,1.5126130755631444,0,0.38461538461538464
411,6,3,0.7262247224468552,0.46746168132691285,0.09237539209883018,4e-06,0,0.0,1.6560211567823429,1,0.5128205128205128
412,7,3,0.711595419036736,0.5047169853030858,0.14372903231917739,4e-06,0,1.678989932570556e-06,1.702303181198567,1,0.6153846153846154
413,8,3,0.7094227948255957,0.5261580309955836,0.23314580369423232,4e-06,0,0.0,1.7287461744738037,1,0.5384615384615384
414,9,3,0.8022253807710216,0.06806581761621483,0.01,4e-06,1,0.2251402962195782,1.3694844922431029,0,0.38461538461538464
415,10,3,0.9070131577388122,0.05121746534120451,0.171745640146686,4e-06,1,0.14375936370864598,1.3907993354514925,0,0.6153846153846154
416,11,3,0.8317276007704534,0.10304342291950148,0.1897632084758599,4e-06,1,0.11579445522394234,1.21248809093066,0,0.6923076923076923
417,12,3,0.8579854007164606,0.2031639123343336,0.06628574673432788,4e-06,1,0.24804456668610067,1.5730765608502864,0,0.48717948717948717
418,13,3,0.8186728055313933,0.21589232255768698,0.08531930872350056,4e-06,1,0.2444039441626892,1.9549581199034936,0,0.8461538461538461
419,14,3,0.7879592235060778,0.26359056268936515,0.23650088854406054,4e-06,0,0.0,1.3891968739494758,1,0.5641025641025641
420,15,3,0.8278171037743821,0.5321391361678884,0.06808810831265667,4e-06,1,0.3957685716994417,2.1265897972285095,1,0.3333333333333333
421,16,3,0.8035635217445304,0.5009711030218109,0.1544196699145941,4e-06,0,0.0,1.6976674205108058,1,0.5128205128205128
422,17,3,0.8674183334382967,0.4765869963606665,0.2652946212332835,4e-06,1,0.2744569420878544,2.1878464023940793,1,0.15384615384615385
423,18,3,0.99,0.05,0.031518529233316245,4e-06,1,0.2298808170724973,1.5975227287859155,0,0.6666666666666666
424,19,3,0.9373085309899023,0.056014420525913745,0.11718788814849987,4e-06,0,0.0,1.0840195123026477,1,0.5897435897435898
425,20,3,0.99,0.09834693702873133,0.214228140086727,4e-06,0,3.700204829165395e-06,1.147518603871158,1,0.48717948717948717
426,21,3,0.9093110263559343,0.27598675602575584,0.07197283429288515,4e-06,1,0.2681040833060715,1.6619632898561711,0,0.4358974358974359
427,22,3,0.9154725735062289,0.2888052990537811,0.10949702645620737,4e-06,0,0.0,1.4240076482629347,1,0.6410256410256411
428,23,3,0.9486682104193225,0.21514196780859737,0.22968177447972166,4e-06,1,0.23484057587874865,1.7002445032458837,0,0.358974358974359
429,24,3,0.953793074389215,0.4631625334792447,0.01,4e-06,1,0.35114120932029347,2.0353267033249782,1,0.358974358974359
430,25,3,0.8778857521432847,0.4774351739579744,0.12272691334189932,4e-06,1,0.3443463789097143,1.8382500964918833,1,0.3333333333333333
431,26,3,0.9522564626867828,0.50736113026986,0.19670805110973116,4e-06,0,8.946643284656613e-08,1.7055706338963912,1,0.6153846153846154
432,0,2,0.7086121051976604,0.06926413261260982,0.07724188530553956,4e-06,0,1.00819738110455e-06,1.1385286659644127,1,0.717948717948718
433,1,2,0.6765579344009776,0.10492961978145748,0.1307852978443372,4e-06,1,0.21948225417076245,1.3235927970386019,0,0.48717948717948717
434,2,2,0.6905547963288805,0.07796836727826098,0.2645528160549134,4e-06,1,0.22666515635253245,1.2393472217143242,0,0.717948717948718
435,3,2,0.6827816666615216,0.2738963209155999,0.04292497268557456,4e-06,1,0.26550919484549407,1.6630637699654165,0,0.6923076923076923
436,4,2,0.704187601195525,0.3008976004891255,0.10978931375936388,4e-06,0,3.052133072590942e-06,1.5471313121476093,1,0.2564102564102564
437,5,2,0.7086909263291449,0.29725248482826194,0.26466005573401924,4e-06,0,0.0,1.5420545649601891,1,0.41025641025641024
438,6,2,0.6775820212478769,0.5009314160146566,0.042438115537899314,4e-06,0,8.535038580028851e-06,1.8006010045014484,1,0.5128205128205128
439,7,2,0.7079352464250576,0.4769834879440808,0.12581154537945946,4e-06,1,0.2510407787962815,1.7303360578386258,1,0.5897435897435898
440,8,2,0.7156290010435558,0.5163596978590118,0.25694981332709554,4e-06,0,5.3165522987020756e-06,1.8192681227917977,1,0.5384615384615384
441,9,2,0.8656804374946302,0.1091151227691269,0.047253799417453765,4e-06,0,2.5828952925034223e-06,1.218147368778228,1,0.41025641025641024
442,10,2,0.9385661046316764,0.08644147060439475,0.1300236686663869,4e-06,1,0.27372236098655456,1.297014890743316,0,0.6153846153846154
443,11,2,0.7938083380955869,0.13368034763691217,0.247174162739475,4e-06,1,0.23255656988141385,1.2865981976845302,0,0.6923076923076923
444,12,2,0.897551364574155,0.2687702671478846,0.012063740241562579,4e-06,0,0.0,1.5012051212921387,1,0.5128205128205128
445,13,2,0.8495921553749981,0.2977065641686534,0.15477893351488922,4e-06,1,0.26587351163174966,1.7542138970202115,0,0.8461538461538461
446,14,2,0.8235879953591204,0.26745551317921235,0.2642980890197194,4e-06,0,0.0,1.4992627214353906,1,0.5641025641025641
447,15,2,0.855197194166643,0.4979060364271359,0.01,4e-06,0,9.231839556099768e-06,1.7969353248911326,1,0.358974358974359
448,16,2,0.8726061351523907,0.42194335054844934,0.1561623158088378,4e-06,0,0.0,1.7040183860085225,1,0.5128205128205128
449,17,2,0.830261271633845,0.5197845264275569,0.23809258476286627,4e-06,0,4.682312572122257e-06,1.8234064982824973,1,0.1794871794871795
450,18,2,0.979473461236802,0.08612332851026261,0.07989664653495213,4e-06,0,2.073178532404872e-06,1.1722421572826536,1,0.6923076923076923
451,19,2,0.986905588911514,0.11980112475371005,0.2074933463020623,4e-06,0,1.997930091426959e-06,1.2393941372749326,1,0.5897435897435898
452,20,2,0.8948340299460564,0.07016994674514643,0.26981327699645313,4e-06,1,0.25777743393170266,1.6961754508764226,0,0.46153846153846156
453,21,2,0.9050817180357148,0.2730060187998718,0.013258856670483793,4e-06,1,0.28232907713928784,1.5347029900550155,0,0.4358974358974359
454,22,2,0.99,0.2609935343971465,0.1674932440697323,4e-06,0,0.0,1.489634525699694,1,0.6410256410256411
455,23,2,0.9258912254787911,0.21721314276703751,0.20658986270754953,4e-06,1,0.2789265890789004,1.3884414526482218,0,0.358974358974359
456,24,2,0.9609145007210309,0.5113906274184196,0.040729329044112514,4e-06,1,0.33948852009964375,1.8014693040615595,1,0.358974358974359
457,25,2,0.9487065152521913,0.515920818140742,0.14411987106464952,4e-06,1,0.2502198069842844,1.8363671132431765,1,0.3333333333333333
458,26,2,0.8937234333759255,0.44066752812898613,0.24215314296800794,4e-06,1,0.27125722317832884,1.715573157690609,1,0.5897435897435898
459,0,3,0.6485547985316483,0.09896575404896102,0.051612576889715066,4e-06,1,0.19235701085709517,1.397927131080382,0,0.6923076923076923
460,1,3,0.6633950136208199,0.11221791681206406,0.16161176188187232,4e-06,1,0.10147112240237545,1.4425955748544708,0,0.48717948717948717
461,2,3,0.7408962890144188,0.12331218876972695,0.24714142638958198,4e-06,1,0.1105529987881236,1.3001643428461955,0,0.717948717948718
462,3,3,0.6748262206266198,0.2640345934872897,0.05585311919428664,4e-06,1,0.2611931943857592,1.564650569214024,0,0.6923076923076923
463,4,3,0.7327505580138977,0.25283777598873103,0.1735406614839506,4e-06,1,0.17721617881678653,1.357022688152748,0,0.23076923076923078
464,5,3,0.6678189347910074,0.19575567859387763,0.2963047856804366,4e-06,0,0.0,1.2923336555400422,1,0.41025641025641024
465,6,3,0.6714472201112515,0.5231562287710948,0.04160969506601321,4e-06,0,0.0,1.7250514399322643,1,0.5128205128205128
466,7,3,0.7560352744125186,0.46858138560848567,0.12605539926735498,4e-06,1,0.32530415775159127,1.8268755797093161,1,0.5897435897435898
467,8,3,0.7198537213736292,0.5273371413370684,0.2559573586204455,4e-06,1,0.22823421200375993,1.9568585754445493,1,0.5128205128205128
468,9,3,0.8396316296273967,0.10188094909710144,0.053226025401609034,4e-06,0,3.037042652458274e-06,1.1528171578084818,1,0.41025641025641024
469,10,3,0.8722058272777932,0.1013265100870055,0.1257262204517688,4e-06,1,0.17203142082560205,1.3686162858786999,0,0.6153846153846154
470,11,3,0.8488792886041702,0.10579544739439596,0.31619575921421206,4e-06,1,0.11100963047746094,1.467720563021354,0,0.6923076923076923
471,12,3,0.892738482689772,0.2529400574229815,0.12013535357516496,4e-06,0,0.0,1.3742959149989193,1,0.5128205128205128
472,13,3,0.8629635688928019,0.22603582765321054,0.1394542579457012,4e-06,1,0.23971468652553116,1.5444329655950533,0,0.8461538461538461
473,14,3,0.862763793360943,0.2877734454800421,0.24715104068221985,4e-06,0,0.0,1.4225956905915085,1,0.5641025641025641
474,15,3,0.9581594042911754,0.5118271294832609,0.028415553620643574,4e-06,1,0.3850917386877397,1.9367362814427065,1,0.3333333333333333
475,16,3,0.8874627742342714,0.48906868121320274,0.15382087426969457,4e-06,1,0.34223362459125384,2.12348069756415,1,0.48717948717948717
476,17,3,0.8792596963176373,0.4745976772134794,0.21773283141570954,4e-06,0,3.868093339504405e-06,1.6649249653737463,1,0.1794871794871795
477,18,3,0.9633012925239056,0.07571638812708018,0.07032454526274182,4e-06,1,0.22753078289662568,1.5737990200760992,0,0.6666666666666666
478,19,3,0.9291384542085446,0.07168139425833994,0.18903475045956092,4e-06,1,0.14869684439802425,1.438925637884016,0,0.5641025641025641
479,20,3,0.99,0.1843794774471617,0.19872321688269534,4e-06,0,1.1653029093112992e-06,1.2756717618698818,1,0.48717948717948717
480,21,3,0.925352996633019,0.22447541132851923,0.017672502571888626,4e-06,1,0.25270868434918475,1.7669214315726958,0,0.4358974358974359
481,22,3,0.9634016947014965,0.25155094964285846,0.16443085994290965,4e-06,1,0.26630476733392333,1.631668880299112,0,0.6153846153846154
482,23,3,0.974120274137067,0.23879773189528353,0.31363430207901,4e-06,0,0.0,1.3543268527809253,1,0.38461538461538464
483,24,3,0.9099049701693512,0.4477849103291655,0.05052003887453922,4e-06,1,0.34834520710936173,1.746408823061829,1,0.358974358974359
484,25,3,0.9312629720840216,0.5603277833720154,0.1664694862223073,4e-06,1,0.36327273759153245,2.2739817033807195,1,0.3333333333333333
485,26,3,0.9100342043467595,0.5011041649729087,0.2551902141895668,4e-06,1,0.3049680393257211,2.0582586685744064,1,0.5897435897435898
486,0,2,0.6927877190860185,0.10042216248620515,0.043545525026866136,4e-06,1,0.2251327806884973,1.3602665648151886,0,0.6923076923076923
487,1,2,0.6929256322570881,0.10272400070830144,0.16814374747651703,4e-06,0,1.7883103584449574e-06,1.2054041135082996,1,0.5128205128205128
488,2,2,0.68822609105891,0.08631531411653927,0.2631296702060292,4e-06,1,0.23845022922375064,1.476207058599289,0,0.717948717948718
489,3,2,0.7316157390786469,0.2793875602346792,0.08875059396976019,4e-06,1,0.2526004985816698,1.6064821386081296,0,0.6923076923076923
490,4,2,0.6653433544536224,0.25041694627997535,0.1503383308985598,4e-06,0,0.0,1.4735681750051741,1,0.2564102564102564
491,5,2,0.6405775198707571,0.2527803833808701,0.22694933021356262,4e-06,0,0.0,1.4771922965321655,1,0.41025641025641024
492,6,2,0.6682382583320459,0.46701024962466975,0.05702895081130693,4e-06,0,0.0,1.7593741295848062,1,0.5128205128205128
493,7,2,0.787434550656705,0.5083186859363255,0.1645524530119239,4e-06,1,0.21749023616976101,1.7683450334044009,1,0.5897435897435898
494,8,2,0.648523702378545,0.5474848834032,0.2222956066020009,4e-06,1,0.26111526465175405,2.0219775642171953,1,0.5128205128205128
495,9,2,0.8463923034649045,0.07292480480670126,0.040850803438607,4e-06,0,1.1360400496659726e-06,1.145849758691856,1,0.41025641025641024
496,10,2,0.817760255646728,0.058189825469014855,0.17827780862699377,4e-06,1,0.2537690986008459,1.2587467454312253,0,0.6153846153846154
497,11,2,0.7867133193549233,0.07766129930684311,0.24835886689452186,4e-06,0,5.372565083257869e-07,1.1553214749264127,1,0.717948717948718
498,12,2,0.8085367210052137,0.2474644035546558,0.07025433979684695,4e-06,0,0.0,1.4690112944725424,1,0.5128205128205128
499,13,2,0.8027019771117425,0.25995986480370803,0.15740049448832233,4e-06,1,0.25400210889359254,1.5492924346046357,0,0.8461538461538461
500,14,2,0.8720369752357416,0.17868128524810056,0.22645662258532026,4e-06,1,0.26382834325168675,1.5798242831953522,0,0.5384615384615384
501,15,2,0.8691044291902708,0.5236809966700912,0.06825355209289037,4e-06,0,3.997573811411944e-06,1.8281126295541972,1,0.358974358974359
502,16,2,0.7761465195551808,0.4863355625343555,0.16249104444416865,4e-06,1,0.24691741848864476,1.7710903140804855,1,0.48717948717948717
503,17,2,0.8863357318906921,0.5038060092888753,0.15808660401062813,4e-06,0,7.892158703080429e-06,1.8040823184198234,1,0.1794871794871795
504,18,2,0.99,0.08360386620914867,0.01,4e-06,1,0.405009358965623,1.5188568264806974,0,0.6666666666666666
505,19,2,0.99,0.10830876025658097,0.16375677408636505,4e-06,0,4.6885204663366157e-07,1.2165396391431818,1,0.5897435897435898
506,20,2,0.9778995324768399,0.16832291345668293,0.27913019007877565,4e-06,1,0.2880710784144473,1.2705786135275476,0,0.46153846153846156
507,21,2,0.99,0.2860810241960844,0.03720185050822702,4e-06,0,9.825435727419613e-07,1.5262972429580137,1,0.46153846153846156
508,22,2,0.9871096959820481,0.3271755231090919,0.12749994791254465,4e-06,1,0.2954180607724309,1.6967359186002575,0,0.6153846153846154
509,23,2,0.930391113998449,0.22329937750709192,0.1671197348297877,4e-06,0,1.2957886519115982e-06,1.4304364633415108,1,0.38461538461538464
510,24,2,0.9647743223879961,0.4852033446348227,0.1080614355058733,4e-06,0,0.0,1.7815184557029355,1,0.38461538461538464
511,25,2,0.9604568165091987,0.5247922192967978,0.15837724661800687,4e-06,0,3.809551027149598e-06,1.8294543540777624,1,0.358974358974359
512,26,2,0.952237574005296,0.5148836212426636,0.2609899880095013,4e-06,1,0.2971286705825953,2.129174771996443,1,0.5897435897435898
513,0,3,0.7893754498479072,0.09188809173713675,0.06258394678559745,4e-06,1,0.19715326137283004,1.6799784067227665,0,0.6923076923076923
514,1,3,0.7456101312377712,0.10035149253158096,0.07849833891127915,4e-06,1,0.17154532030566758,1.5578431592936726,0,0.48717948717948717
515,2,3,0.7587974892376492,0.10508421613579783,0.2799902205961597,4e-06,1,0.09592950454330926,1.561546371989185,0,0.717948717948718
516,3,3,0.6378997010679978,0.257822631524235,0.04899189680131574,4e-06,1,0.26749618831640665,1.4464962309396616,0,0.6923076923076923
517,4,3,0.8106974356812904,0.27503576642107175,0.18148495817589955,4e-06,1,0.21081473301819703,1.6060548799888803,0,0.23076923076923078
518,5,3,0.7591784857540876,0.24429784981297764,0.18835716076974118,4e-06,1,0.16464884104699906,1.5117877900827068,0,0.38461538461538464
519,6,3,0.6612079841953971,0.4947090214853201,0.02924690770993061,4e-06,1,0.3606958201132586,2.130985473501942,1,0.48717948717948717
520,7,3,0.7299782806162625,0.5195462186193188,0.16864803939362913,4e-06,0,0.0,1.7206049977658948,1,0.6153846153846154
521,8,3,0.6525926167787073,0.43440674063748297,0.2545024339103507,4e-06,1,0.2170253589773444,1.729299373660418,1,0.5128205128205128
522,9,3,0.8983705827370151,0.14714007448247102,0.0970999545499684,4e-06,0,5.119535132645445e-07,1.2205267774534099,1,0.41025641025641024
523,10,3,0.8692133718352552,0.17595714033226534,0.19440297611141746,4e-06,1,0.16512697229189205,1.3668823123938092,0,0.6153846153846154
524,11,3,0.8344884817780284,0.07350401106534626,0.27366723650149716,4e-06,1,0.10313660030346977,1.2418141163844874,0,0.6923076923076923
525,12,3,0.845408882039923,0.2977873626736842,0.039359080911209675,4e-06,0,0.0,1.4362542845395965,1,0.5128205128205128
526,13,3,0.8701777859064987,0.22902934440688222,0.1512789307331324,4e-06,1,0.22246990224869678,1.604116351805614,0,0.8461538461538461
527,14,3,0.8816136232713881,0.20401405364941877,0.23448957325136918,4e-06,1,0.16953618338645499,1.375003446791598,0,0.5384615384615384
528,15,3,0.8254366089862253,0.45173579872190084,0.07005666029770208,4e-06,0,4.81995298465232e-07,1.6363384131115728,1,0.358974358974359
529,16,3,0.7715661760612187,0.5211790924009645,0.10020336355740936,4e-06,1,0.36509349524873774,2.0032412169593035,1,0.48717948717948717
530,17,3,0.8145014470103136,0.46520482142699104,0.2367426994876093,4e-06,0,0.0,1.6532026777959248,1,0.1794871794871795
531,18,3,0.9735481311286059,0.086617918646235,0.07940572615015466,4e-06,1,0.22023103446889938,1.3212629951072463,0,0.6666666666666666
532,19,3,0.9220977117361476,0.07402180348503143,0.10057511102857683,4e-06,1,0.20226296785979808,1.4076347860761105,0,0.5641025641025641
533,20,3,0.8551121788774594,0.083928553816918,0.22296897912235145,4e-06,1,0.10900461653782915,1.3834994133308234,0,0.46153846153846156
534,21,3,0.8818888555242675,0.2067594760079784,0.083299089293171,4e-06,0,0.0,1.3083481897955458,1,0.46153846153846156
535,22,3,0.9247165670876435,0.2684870618965994,0.08018700609164069,4e-06,1,0.26401452517412854,1.515466568729737,0,0.6153846153846154
536,23,3,0.9387706639659715,0.2964967169838738,0.2369280973549978,4e-06,1,0.25119670126009014,1.5789759453247996,0,0.358974358974359
537,24,3,0.99,0.4826945458055506,0.04949489828799722,4e-06,1,0.3551295439574942,1.9530107962463756,1,0.358974358974359
538,25,3,0.8891120289923429,0.5308274321166147,0.11945053402916225,4e-06,1,0.3777571403234009,2.1248408442651505,1,0.3333333333333333
539,26,3,0.9116795359719507,0.47050694217025174,0.2582924309276126,4e-06,1,0.2728155043137732,1.9102068676130852,1,0.5897435897435898
540,0,2,0.6948105518724599,0.1021033947619965,0.06713522198873142,4e-06,1,0.25332815415028753,1.6208920265683515,0,0.6923076923076923
541,1,2,0.7327737238823898,0.1781087889625123,0.13871687428321253,4e-06,0,8.00273083320001e-06,1.3516649108549181,1,0.5128205128205128
542,2,2,0.7307586348629498,0.12457312506736415,0.23394738539869864,4e-06,1,0.20435006768219346,1.6789672125589128,0,0.717948717948718
543,3,2,0.6668966303706135,0.23768398035954955,0.05268778302105304,4e-06,1,0.26883802508647137,1.5522645550123488,0,0.6923076923076923
544,4,2,0.6758160553528183,0.19472846613907985,0.09250207597445367,4e-06,0,6.484042910385408e-06,1.3816505453770846,1,0.2564102564102564
545,5,2,0.6938155696552036,0.21433359539207186,0.22891735120536388,4e-06,1,0.22291680413429055,1.4865022755015982,0,0.38461538461538464
546,6,2,0.6823796855660802,0.5396751299456937,0.0698584276829155,4e-06,0,1.6054122835078408e-06,1.8474087651575768,1,0.5128205128205128
547,7,2,0.6826706937350792,0.5098323940985585,0.1675250722005687,4e-06,0,6.60753958034617e-06,1.811375658411267,1,0.6153846153846154
548,8,2,0.7014592302245692,0.4390514129401092,0.2563514135251179,4e-06,0,0.0,1.7251338500058142,1,0.5384615384615384
549,9,2,0.9226610798456042,0.0735628465769185,0.05652321245909784,4e-06,0,1.073184814745819e-06,1.1471257172073466,1,0.41025641025641024
550,10,2,0.8459880933022637,0.09657033495985758,0.15321315090028415,4e-06,1,0.2517315598478095,1.3987881064596044,0,0.6153846153846154
551,11,2,0.8499099902198337,0.124459482165149,0.22894699161199653,4e-06,1,0.2555616842800181,1.6788834900762564,0,0.6923076923076923
552,12,2,0.8195203390469203,0.28271979808264397,0.11631922632179718,4e-06,0,9.8174680371571e-07,1.5214923989554048,1,0.5128205128205128
553,13,2,0.8280770826702071,0.2869562540286791,0.16659230361075733,4e-06,1,0.24037567171165303,1.6160779839968884,0,0.8461538461538461
554,14,2,0.8903467342381935,0.26453360317745267,0.2865317556235341,4e-06,0,0.0,1.4949260967068243,1,0.5641025641025641
555,15,2,0.8643518433562501,0.5271577820448187,0.04078618780742644,4e-06,1,0.30692522793292865,2.173642561742088,1,0.3333333333333333
556,16,2,0.9182707056167589,0.5064861402896806,0.17414641697587135,4e-06,1,0.2568503905302679,1.9425241307260441,1,0.48717948717948717
557,17,2,0.850439315703296,0.5430798205330314,0.26665720222838274,4e-06,0,1.1838034358383998e-06,1.8515123797018478,1,0.1794871794871795
558,18,2,0.9413902217369537,0.15346881378114136,0.04358609414450132,4e-06,0,0.0,1.305294895583798,1,0.6923076923076923
559,19,2,0.9772957003925117,0.097899614235616,0.13885746791753795,4e-06,1,0.27260047527951037,1.5309704580458816,0,0.5641025641025641
560,20,2,0.9283206639909523,0.13444769273547966,0.2662658585717277,4e-06,0,6.0813656201615446e-06,1.2683185501739778,1,0.48717948717948717
561,21,2,0.9430012785314328,0.281369203606278,0.024039715036944978,4e-06,1,0.3470353888010062,1.6721509961527095,0,0.4358974358974359
562,22,2,0.9745776049156989,0.26893714984201444,0.164407234575353,4e-06,1,0.26541268241625154,1.880630942135315,0,0.6153846153846154
563,23,2,0.981499308175421,0.24863325619736376,0.23538659317554467,4e-06,1,0.28284481650995486,1.6320580531135649,0,0.358974358974359
564,24,2,0.99,0.447950717538637,0.06499364312887397,4e-06,0,0.0,1.73606489051982,1,0.38461538461538464
565,25,2,0.9326549005938325,0.4374491510996037,0.1616711277130129,4e-06,0,0.0,1.7231621942203965,1,0.358974358974359
566,26,2,0.8660317462975502,0.5251870427232276,0.29305018533966803,4e-06,0,3.743524623982023e-06,1.8299310341292179,1,0.6153846153846154
567,0,3,0.7018423255430846,0.1398446986268739,0.10047150756020296,4e-06,0,3.389306824314591e-06,1.2096464119804713,1,0.717948717948718
568,1,3,0.662338495910808,0.10604034559644766,0.16318548432874286,4e-06,1,0.10288982689806525,1.2477729714200891,0,0.48717948717948717
569,2,3,0.7909196730391755,0.11919808497402375,0.2942023924432527,4e-06,0,0.0,1.1787667119445742,1,0.7435897435897436
570,3,3,0.6970712670406471,0.26143814170242924,0.025525200560467025,4e-06,1,0.27239951734823875,1.3687385418609033,0,0.6923076923076923
571,4,3,0.7548936937146606,0.22026681053237948,0.17903996413661594,4e-06,0,7.52400876916886e-07,1.3278567007708395,1,0.2564102564102564
572,5,3,0.7135923429796172,0.2638065591830519,0.27983051404372955,4e-06,0,0.0,1.389497837388831,1,0.41025641025641024
573,6,3,0.712376513590397,0.518725528174086,0.02500212225388261,4e-06,0,0.0,1.7195936747802107,1,0.5128205128205128
574,7,3,0.7187929969281986,0.521389922760353,0.10175442566365375,4e-06,1,0.36417539643320374,2.085082965335468,1,0.5897435897435898
575,8,3,0.7114756447317041,0.4425866079551322,0.2811486978695146,4e-06,1,0.22192532266021497,2.035280587677366,1,0.5128205128205128
576,9,3,0.9064526794350685,0.09736492964188902,0.0561412005806159,4e-06,1,0.22621138805216925,1.3326535984063705,0,0.38461538461538464
577,10,3,0.8102861276866424,0.09410504738805679,0.17481518398863666,4e-06,1,0.12013852104471726,1.2651550380375474,0,0.6153846153846154
578,11,3,0.7832786160044362,0.12471162781131377,0.23191065062298988,4e-06,1,0.11272452978608796,1.3325818445309643,0,0.6923076923076923
579,12,3,0.8228408274259207,0.2497729811010655,0.07791133572868676,4e-06,0,8.18268808215548e-07,1.3698434895378728,1,0.5128205128205128
580,13,3,0.9162950448092998,0.22946331927460598,0.12950724595244476,4e-06,0,0.0,1.3410370245015342,1,0.8717948717948718
581,14,3,0.8279190108395369,0.2453460060645822,0.2905922073262618,4e-06,1,0.17257903243454462,1.59631180832689,0,0.5384615384615384
582,15,3,0.8173282728291897,0.49872698569762675,0.0527047048300272,4e-06,0,0.0,1.6948905896318767,1,0.358974358974359
583,16,3,0.850212914418068,0.534206284368102,0.186222750849336,4e-06,1,0.34860119082056584,2.0475627157578806,1,0.48717948717948717
584,17,3,0.8414418742455675,0.5199287690616691,0.23244434653218965,4e-06,0,0.0,1.7210763470015265,1,0.1794871794871795
585,18,3,0.9112240568904552,0.0712948986136106,0.09341176088093306,4e-06,0,0.0,1.1069421887665858,1,0.6923076923076923
586,19,3,0.99,0.0845909121785527,0.1587361560339448,4e-06,0,2.654822238863144e-06,1.1268875032155354,1,0.5897435897435898
587,20,3,0.8740874200040089,0.138597703938617,0.2251957268382078,4e-06,1,0.1326014545628565,1.25876610057845,0,0.46153846153846156
588,21,3,0.9265632715819365,0.2580448834286595,0.02148391378442774,4e-06,1,0.26450516519663925,1.6672403774391649,0,0.4358974358974359
589,22,3,0.9096676445490295,0.22899747911062335,0.13957851499204404,4e-06,1,0.24242674291045593,1.5481229263142782,0,0.6153846153846154
590,23,3,0.93309756068805,0.2535638961970871,0.23801353175234716,4e-06,0,0.0,1.3751715767024788,1,0.38461538461538464
591,24,3,0.9237702615027074,0.5207318769760063,0.09307934374405327,4e-06,1,0.3682105815270589,1.8667309582091465,1,0.358974358974359
592,25,3,0.9694079292591082,0.4928114853369606,0.16096462035115514,4e-06,0,1.2051374241972214e-06,1.6875627814875178,1,0.358974358974359
593,26,3,0.8790634184476127,0.5136198689434087,0.2869859122992703,4e-06,0,0.0,1.713297976919289,1,0.6153846153846154
594,0,2,0.7398253922447132,0.07929653376544163,0.01,4e-06,1,0.35387281454611735,1.5154789131772377,0,0.6923076923076923
595,1,2,0.6904091594842563,0.13860526787936508,0.09270711282761157,4e-06,0,3.729945596584417e-06,1.2764668637303893,1,0.5128205128205128
596,2,2,0.6587187101935369,0.09810040420867121,0.23902849643061372,4e-06,0,4.247426949970994e-06,1.1961761378188185,1,0.7435897435897436
597,3,2,0.7198109178427439,0.25436890943031654,0.061796893309544826,4e-06,0,3.815574909828906e-06,1.4796187654435833,1,0.717948717948718
598,4,2,0.7342884141422644,0.21663867236922396,0.1750613098170669,4e-06,0,2.3645213212419212e-06,1.4193794744844703,1,0.2564102564102564
599,5,2,0.6929514776415209,0.2620092972492902,0.16415444889697983,4e-06,1,0.25532551179485097,1.5520179109985617,0,0.38461538461538464
600,6,2,0.6954658400864077,0.4984811566082903,0.07119597538693483,4e-06,0,9.09781570196235e-06,1.797632307004955,1,0.5128205128205128
601,7,2,0.6943438931669849,0.5020266645224247,0.15344801734743038,4e-06,1,0.2484203836450727,2.025300505918887,1,0.5897435897435898
602,8,2,0.7415747617967421,0.4674189634089756,0.2552710136849455,4e-06,0,0.0,1.7598726436616032,1,0.5384615384615384
603,9,2,0.8571858672312022,0.0824386449408087,0.03887868846580685,4e-06,0,3.794736695586253e-06,1.1648763712790426,1,0.41025641025641024
604,10,2,0.8432179713719822,0.15523766843280712,0.11206708916468358,4e-06,0,0.0,1.3086872003058125,1,0.6410256410256411
605,11,2,0.919096731465124,0.0861298088343614,0.24923082818956976,4e-06,1,0.2667400044886819,1.3414402114151762,0,0.6923076923076923
606,12,2,0.8122230848638763,0.24294548060156693,0.1237473081720968,4e-06,0,0.0,1.461972306526893,1,0.5128205128205128
607,13,2,0.8759029641224674,0.2250543168200087,0.09670897083461337,4e-06,1,0.2921699070978056,1.7373010805443525,0,0.8461538461538461
608,14,2,0.896403713865742,0.28138156753143695,0.23590404252341282,4e-06,1,0.2705941282110002,1.4511449622674368,0,0.5384615384615384
609,15,2,0.807919971225886,0.5117448811204433,0.03819087586108867,4e-06,0,6.218274187809442e-06,1.8136888720672104,1,0.358974358974359
610,16,2,0.8545550077656805,0.5323702891770834,0.11407235132897528,4e-06,0,2.6137634536037157e-06,1.8385998608535292,1,0.5128205128205128
611,17,2,0.8800059305292933,0.5261592649915702,0.22916604274223942,4e-06,0,3.5826845569835496e-06,1.8311047293774285,1,0.1794871794871795
612,18,2,0.9286592189726848,0.12667381952581022,0.03373988289422088,4e-06,0,8.795071080953277e-07,1.2530009735462375,1,0.6923076923076923
613,19,2,0.99,0.1247714092427593,0.17309687943824292,4e-06,0,1.170117721580351e-06,1.2492400963148234,1,0.5897435897435898
614,20,2,0.973068334461736,0.09267013434461413,0.24508707687633396,4e-06,1,0.298356860143951,1.261750357245646,0,0.46153846153846156
615,21,2,0.9722364812519777,0.23608598675945697,0.06396490322498839,4e-06,0,0.0,1.4511385147654392,1,0.46153846153846156
616,22,2,0.99,0.2301679271257858,0.16503256297867397,4e-06,1,0.3337716975774126,1.7093455247963085,0,0.6153846153846154
617,23,2,0.9537787996727854,0.25032406254568046,0.24830676709338678,4e-06,0,0.0,1.473425310190859,1,0.38461538461538464
618,24,2,0.9320206628092118,0.544387711209528,0.046743901019445304,4e-06,0,9.876699901795677e-07,1.8530884153216416,1,0.38461538461538464
619,25,2,0.99,0.5202681989949344,0.1668098753469677,4e-06,0,4.595173268222321e-06,1.823990796960532,1,0.358974358974359
620,26,2,0.9729344988069177,0.48069316625148056,0.24221157905962676,4e-06,1,0.29735866143675516,1.8524488772672871,1,0.5897435897435898
621,0,3,0.6607236061619678,0.07433420641274273,0.053261064584402294,4e-06,1,0.18174577446802664,1.2096956737379783,0,0.6923076923076923
622,1,3,0.6233773934212402,0.10834998818711514,0.10871870005280555,4e-06,1,0.1177390671949935,1.219281892756239,0,0.48717948717948717
623,2,3,0.6831796662625244,0.08398612181022375,0.2502162118112911,4e-06,1,0.09313535866166778,1.221018978562893,0,0.717948717948718
624,3,3,0.6415017046058339,0.2733960883756833,0.07258616501446641,4e-06,1,0.2720932676477052,1.6039777150311878,0,0.6923076923076923
625,4,3,0.711956726103366,0.2702793656742077,0.11906393794681244,4e-06,1,0.21686062900639128,1.5452066586102469,0,0.23076923076923078
626,5,3,0.6953493341875854,0.30526451975704794,0.30773488111037717,4e-06,0,0.0,1.4463890239441473,1,0.41025641025641024
627,6,3,0.663390971153867,0.5294201988298227,0.07911493942591193,4e-06,1,0.3716974621733205,2.1229650478201774,1,0.48717948717948717
628,7,3,0.719730711753564,0.4967739876720181,0.16662990013897172,4e-06,1,0.2909151103746672,1.6736626283979212,1,0.5897435897435898
629,8,3,0.7030159817258425,0.4949637779172107,0.28288192699171544,4e-06,1,0.22877377383818553,1.8607775517350695,1,0.5128205128205128
630,9,3,0.8792725357728355,0.0800623998322421,0.018642116558045783,4e-06,1,0.23722959847413722,1.3799593572625615,0,0.38461538461538464
631,10,3,0.8814479707461166,0.12927952150882155,0.14534609131402798,4e-06,1,0.17811180626357948,1.5517360944662129,0,0.6153846153846154
632,11,3,0.9047387757506051,0.10730196749201618,0.2253432468537088,4e-06,0,1.5695416464348892e-06,1.1609431718281813,1,0.717948717948718
633,12,3,0.855046607857239,0.23981184923180293,0.023306290211084078,4e-06,1,0.2329007452233884,1.6172561081139214,0,0.48717948717948717
634,13,3,0.8753147329422915,0.22649796838310138,0.24178593686990468,4e-06,1,0.18979090656027797,1.5169891052778048,0,0.8461538461538461
635,14,3,0.8704055486245377,0.29587940436901883,0.25193768970829666,4e-06,1,0.19766157400823336,1.6325188353501445,1,0.5384615384615384
636,15,3,0.7762581033016516,0.479674653629247,0.017791528125872993,4e-06,1,0.35862359790162757,2.0030569195933503,1,0.3333333333333333
637,16,3,0.7602868951355827,0.46033412101737653,0.13388418617959746,4e-06,1,0.322930111860527,1.735531661015197,1,0.48717948717948717
638,17,3,0.8658563400882827,0.5091674057570744,0.2768139623780637,4e-06,0,0.0,1.7078018530704995,1,0.1794871794871795
639,18,3,0.9499232639996378,0.1091040070245001,0.06534541105757574,4e-06,1,0.23133831691155254,1.1889294066818357,0,0.6666666666666666
640,19,3,0.934112227603317,0.0900267239698069,0.12547324805010102,4e-06,1,0.2107929961361015,1.5502244112177568,0,0.5641025641025641
641,20,3,0.9234730499745294,0.08013265542026222,0.21368803816651635,4e-06,1,0.14350892382399344,1.3146003831889774,0,0.46153846153846156
642,21,3,0.9531447067812715,0.2241159994128019,0.07425643248806055,4e-06,1,0.24862480037477727,1.5981644230685401,0,0.4358974358974359
643,22,3,0.99,0.2338870903130166,0.13773302729373632,4e-06,1,0.2585638612998752,1.665819704542718,0,0.6153846153846154
644,23,3,0.99,0.25060111872598934,0.2140264862156431,4e-06,0,0.0,1.3710066100106804,1,0.38461538461538464
645,24,3,0.99,0.4999664083400633,0.01,4e-06,1,0.3767171747794079,1.8401311978989014,1,0.358974358974359
646,25,3,0.99,0.5472776086563617,0.20492862866269695,4e-06,1,0.37762481270596865,1.764041054452545,1,0.3333333333333333
647,26,3,0.9211202184105315,0.5067286819825078,0.21181142713780804,4e-06,0,8.330298039984337e-08,1.7047891547700769,1,0.6153846153846154
648,0,2,0.6729501321054553,0.1269566584042785,0.07402157365008966,4e-06,1,0.25842707665558184,1.3968732577514589,0,0.6923076923076923
649,1,2,0.6875344226420111,0.07761650551171823,0.17609027270083472,4e-06,1,0.23957092798398974,1.8354761962003394,0,0.48717948717948717
650,2,2,0.7422554234412353,0.07734341741748939,0.16781400633131563,4e-06,0,5.78319468181138e-07,1.1546858194221743,1,0.7435897435897436
651,3,2,0.683949802427207,0.22747826145204664,0.09927980880308701,4e-06,1,0.23625720282119064,1.5050335404555233,0,0.6923076923076923
652,4,2,0.7009779488767914,0.2411979072680808,0.14603696361560622,4e-06,0,0.0,1.4592286408339525,1,0.2564102564102564
653,5,2,0.716898696969489,0.27178087099117426,0.28507810327210514,4e-06,1,0.24422612726160026,1.6286286634133083,0,0.38461538461538464
654,6,2,0.7301944756989617,0.49116293736015165,0.01,4e-06,0,1.0855669624143554e-05,1.788758241599729,1,0.5128205128205128
655,7,2,0.7212489291437032,0.5034139869602089,0.15553100121526992,4e-06,0,7.97870827669802e-06,1.803607647887136,1,0.6153846153846154
656,8,2,0.6492364154056075,0.4991769993744883,0.25913306568441447,4e-06,1,0.2565381338038021,1.816061019311413,1,0.5128205128205128
657,9,2,0.7860020266366262,0.14229718651825085,0.02955156342408699,4e-06,0,6.035232085352348e-06,1.2836763378701301,1,0.41025641025641024
658,10,2,0.8487010270433017,0.1308416069619755,0.14840091393026536,4e-06,1,0.23655975157336528,1.5229315999856003,0,0.6153846153846154
659,11,2,0.8547649571746511,0.10953996083242143,0.2264722447325446,4e-06,0,2.114442186097237e-06,1.218993406094806,1,0.717948717948718
660,12,2,0.8255960453577155,0.3189899220884452,0.047308076902651444,4e-06,1,0.2921542612969677,1.5639905661465814,0,0.48717948717948717
661,13,2,0.8603715056613963,0.21035907785064192,0.13658782224396407,4e-06,1,0.27394176008199167,1.4808256486698357,0,0.8461538461538461
662,14,2,0.9134401532383947,0.25665948333028815,0.29151161083578997,4e-06,1,0.27805761186753314,1.5125299588484262,0,0.5384615384615384
663,15,2,0.8476383113077978,0.5717066813195542,0.03543811391257631,4e-06,0,0.0,1.8859724859770812,1,0.358974358974359
664,16,2,0.8015978860124386,0.5699307401467422,0.17458342717853692,4e-06,1,0.24744196094833332,2.1381280764738895,1,0.48717948717948717
665,17,2,0.8775076874047113,0.5589838241412677,0.20356501501780266,4e-06,0,0.0,1.870665732471152,1,0.1794871794871795
666,18,2,0.9314991446422869,0.05,0.08180981614339083,4e-06,1,0.2982305164464312,1.298016246299052,0,0.6666666666666666
667,19,2,0.99,0.08940268924517175,0.13736541052028534,4e-06,0,0.0,1.1787954073399416,1,0.5897435897435898
668,20,2,0.9894898941193363,0.0829986092406955,0.23107115208603607,4e-06,0,0.0,1.1659905898401415,1,0.48717948717948717
669,21,2,0.8682108694798071,0.21323824601592675,0.0950370759148163,4e-06,1,0.24385920619965576,1.4506849891124118,0,0.4358974358974359
670,22,2,0.91951216275851,0.24488771028295053,0.15039710018405011,4e-06,0,0.0,1.4650074498904346,1,0.6410256410256411
671,23,2,0.9163620344531817,0.2581886726459017,0.2470049625851365,4e-06,0,0.0,1.4854104008196267,1,0.38461538461538464
672,24,2,0.9008197041056161,0.5107138602881396,0.08274750858132417,4e-06,0,6.427006030046553e-06,1.8124418976278036,1,0.38461538461538464
673,25,2,0.9461646558973611,0.47495446541685493,0.14784004222680633,4e-06,0,0.0,1.769054907184648,1,0.358974358974359
674,26,2,0.945238859735995,0.4733058803195477,0.23523258733703842,4e-06,1,0.2745955092829306,1.8140940437976738,1,0.5897435897435898
675,0,3,0.7194121313225256,0.11568531282247091,0.07666949541213945,4e-06,1,0.17770241719305035,1.4460835252966004,0,0.6923076923076923
676,1,3,0.7398343489748944,0.07197282807556121,0.12289396660271183,4e-06,1,0.11895773366565157,1.3728067720432044,0,0.48717948717948717
677,2,3,0.6544669309215623,0.08674924617481018,0.23576461199142884,4e-06,1,0.0860870808581026,1.3537637022383577,0,0.717948717948718
678,3,3,0.6873684205537998,0.28535352550954995,0.05597714123747718,4e-06,0,0.0,1.419280196742519,1,0.717948717948718
679,4,3,0.6883973690425099,0.250123986479646,0.15769475935330618,4e-06,1,0.17713183950982403,1.436294583297511,0,0.23076923076923078
680,5,3,0.7830684530343609,0.22464038605067294,0.27577138174533206,4e-06,0,0.0,1.3341346868402584,1,0.41025641025641024
681,6,3,0.7308279512837905,0.5380287068241172,0.02428470788667711,4e-06,1,0.3831306367461957,1.8343236870483015,1,0.48717948717948717
682,7,3,0.6309858295196918,0.4622358062094699,0.18144088732851757,4e-06,1,0.23198052248169831,1.7110317584390975,1,0.5897435897435898
683,8,3,0.7091784145783372,0.48432762705706933,0.23587535026673392,4e-06,1,0.22727574571770903,1.7390765823556469,1,0.5128205128205128
684,9,3,0.8035306656426261,0.07283904361954505,0.05462239976446606,4e-06,0,0.0,1.1092565407602697,1,0.41025641025641024
685,10,3,0.823397531185535,0.12812130900758945,0.12647573119588773,4e-06,1,0.160593994541595,1.4283695056491663,0,0.6153846153846154
686,11,3,0.8046491589832109,0.13985436432375192,0.23030541679543828,4e-06,1,0.1220642255059306,1.4715081027036259,0,0.6923076923076923
687,12,3,0.8093593388236711,0.2343328456137248,0.07343543615671225,4e-06,1,0.25018427503047497,1.415329046405027,0,0.48717948717948717
688,13,3,0.8471713763310215,0.251339748428904,0.17275059097932197,4e-06,1,0.21239250372581348,1.4931928952824574,0,0.8461538461538461
689,14,3,0.8174810390143927,0.25705359829454993,0.2864644724949308,4e-06,1,0.17621129112319617,1.5557526901173089,0,0.5384615384615384
690,15,3,0.881181176830858,0.5086187228310909,0.0724644165794743,4e-06,1,0.37552528465049695,2.0139401050003585,1,0.3333333333333333
691,16,3,0.8170347711464209,0.46253772167876867,0.16000647034908613,4e-06,1,0.30919879345882423,2.007582918825763,1,0.48717948717948717
692,17,3,0.8775060993803605,0.5163833549267735,0.2572793281397159,4e-06,0,0.0,1.7167064613128584,1,0.1794871794871795
693,18,3,0.966515655808896,0.07821566791940922,0.0610911777691739,4e-06,0,0.0,1.1173209993862472,1,0.6923076923076923
694,19,3,0.9232127428771119,0.1015549629697854,0.1312919247111192,4e-06,1,0.20344943116989356,1.5904257423014914,0,0.5641025641025641
695,20,3,0.99,0.13197055524160145,0.2661230156268201,4e-06,1,0.23455742543926653,1.6760133068206997,0,0.46153846153846156
696,21,3,0.9424301721372643,0.340952872453319,0.04317411753910339,4e-06,1,0.2949743587078331,1.9052367904625813,0,0.4358974358974359
697,22,3,0.9648930224024121,0.27506844783658735,0.14658250820840749,4e-06,1,0.2502744155296089,1.7155410388303267,0,0.6153846153846154
698,23,3,0.9595659713853384,0.258114561583306,0.22273006916458848,4e-06,1,0.2432344401858819,1.5846595775262822,0,0.358974358974359
699,24,3,0.9256704108265085,0.47670576775554907,0.13015290139270055,4e-06,0,2.4027200219333807e-06,1.667550507573423,1,0.38461538461538464
700,25,3,0.8917205831687492,0.4790533562080228,0.14845296481571357,4e-06,0,7.946898926499539e-07,1.6704725041236674,1,0.358974358974359
701,26,3,0.977064582071061,0.4806541908008801,0.2602132133050464,4e-06,1,0.32013567630746637,1.8423862482342048,1,0.5897435897435898
702,0,2,0.6752142806794394,0.07246873076499222,0.01434833436205192,4e-06,1,0.302559381182475,1.4173187929988829,0,0.6923076923076923
703,1,2,0.7390666147991252,0.1011793919807289,0.17330423096595438,4e-06,0,2.5607622229887e-06,1.2023221146888512,1,0.5128205128205128
704,2,2,0.7345235007218142,0.10531359490015091,0.26881328800447496,4e-06,1,0.24062719070768981,1.7940440107059488,0,0.717948717948718
705,3,2,0.6400784089843581,0.2286383750145111,0.06694751843818737,4e-06,1,0.27565207294572774,1.506651212436585,0,0.6923076923076923
706,4,2,0.6452823089047255,0.22056701897595357,0.12830292942177482,4e-06,0,1.7055830476398904e-06,1.425923638557768,1,0.2564102564102564
707,5,2,0.6431179293543946,0.2253449411077734,0.25258761508675015,4e-06,0,1.0245303983122325e-06,1.433794222093237,1,0.41025641025641024
708,6,2,0.6953678596011293,0.5317565844842544,0.010946607877594702,4e-06,0,2.704929983225301e-06,1.8378594985245655,1,0.5128205128205128
709,7,2,0.6832692643854476,0.4827899092742474,0.1849048744291942,4e-06,0,0.0,1.7785859347275936,1,0.6153846153846154
710,8,2,0.7441798010082227,0.5128689617338159,0.2397146604127049,4e-06,1,0.25672807140431914,1.9796888787365177,1,0.5128205128205128
711,9,2,0.890835312840099,0.08354963386404946,0.051236182003448594,4e-06,0,0.0,1.167093435832431,1,0.41025641025641024
712,10,2,0.8781659256655914,0.06924462416667473,0.18050931144713567,4e-06,1,0.25572471731583024,1.3672545526826063,0,0.6153846153846154
713,11,2,0.89833051301922,0.16702279242393195,0.2800550190864822,4e-06,0,5.125309945102858e-06,1.331058494160166,1,0.717948717948718
714,12,2,0.8534148552641035,0.2001548524078447,0.01,4e-06,1,0.39421291982059764,1.5010799626985318,0,0.48717948717948717
715,13,2,0.813416948866906,0.24811759948093973,0.16846755863583865,4e-06,1,0.298907639189173,1.4353716054591323,0,0.8461538461538461
716,14,2,0.8320448951887846,0.2952961204936094,0.21774134859335875,4e-06,0,8.805475008555971e-07,1.5393181571307428,1,0.5641025641025641
717,15,2,0.8718317503939981,0.532919825216086,0.07223845300955065,4e-06,1,0.2314624691065584,1.856988937095038,1,0.3333333333333333
718,16,2,0.8039362586636818,0.533409791202239,0.1244192065609554,4e-06,1,0.2992797548183094,1.79871839972227,1,0.48717948717948717
719,17,2,0.8694049023547832,0.5101087002818057,0.2246857006442583,4e-06,0,6.5507438741752184e-06,1.8117098983699327,1,0.1794871794871795
720,18,2,0.9848939471984707,0.10557503732556747,0.08448130522873454,4e-06,1,0.3528363128066643,1.3672271048187392,0,0.6666666666666666
721,19,2,0.9886451872401643,0.08888888171016679,0.16026010372263064,4e-06,1,0.2848778552003435,1.6122607915533573,0,0.5641025641025641
722,20,2,0.99,0.0737030552745041,0.23987710737681475,4e-06,0,1.0577293726611358e-06,1.1474061048586066,1,0.48717948717948717
723,21,2,0.9632207811435037,0.2983573143240247,0.03528613517918869,4e-06,1,0.3407985162181896,1.5058708607678006,0,0.4358974358974359
724,22,2,0.8400225845584577,0.2488321239854548,0.14060873142221383,4e-06,0,0.0,1.4711262096243851,1,0.6410256410256411
725,23,2,0.9369502527350468,0.24467567538719237,0.23868421375632787,4e-06,1,0.2995667823668023,1.7912037959316387,0,0.358974358974359
726,24,2,0.9047205423969216,0.5288328045836065,0.01,4e-06,0,3.153218518791506e-06,1.834331638403607,1,0.38461538461538464
727,25,2,0.99,0.523058112964891,0.133284884188407,4e-06,0,4.104381305734026e-06,1.8273604635450367,1,0.358974358974359
728,26,2,0.9203793671799552,0.5302729941120201,0.20923368262230954,4e-06,1,0.27543656315360493,1.9126314315642823,1,0.5897435897435898
729,0,3,0.6588598303623492,0.09348569160771059,0.05832032539160645,4e-06,1,0.18247429586999317,1.456613749854202,0,0.6923076923076923
730,1,3,0.722158140239813,0.08251018349007798,0.16861117181794072,4e-06,1,0.10379173589792486,1.2844394354148527,0,0.48717948717948717
731,2,3,0.6823447075053619,0.10454622387295799,0.266507612291011,4e-06,1,0.09145484008509198,1.5295992246457537,0,0.717948717948718
732,3,3,0.7375768168719272,0.27927969849447526,0.1426553658458085,4e-06,0,0.0,1.4109327247452352,1,0.717948717948718
733,4,3,0.7281606029728661,0.2197310206723524,0.13668295090743732,4e-06,0,7.578936012851071e-07,1.3270862043494203,1,0.2564102564102564
734,5,3,0.7259045590887824,0.24477476313336405,0.25414670276422907,4e-06,0,9.93114704055163e-07,1.3627938876741361,1,0.41025641025641024
735,6,3,0.6935311598783501,0.4799001470936533,0.08405824194959566,4e-06,1,0.35156463720982745,1.8684064753271603,1,0.48717948717948717
736,7,3,0.6357497272681847,0.4906053818327516,0.15496546386050286,4e-06,1,0.24940393274677183,1.936279840131182,1,0.5897435897435898
737,8,3,0.7113562400470189,0.5175574259407657,0.25192410407134463,4e-06,0,0.0,1.7181539315408516,1,0.5384615384615384
738,9,3,0.8395494243583498,0.10056973559920325,0.04895962249944231,4e-06,1,0.23072595655656805,1.779894484485861,0,0.38461538461538464
739,10,3,0.8522482261235661,0.09155890024282898,0.14259528613465242,4e-06,1,0.1418571553699821,1.3585717589182555,0,0.6153846153846154
740,11,3,0.8068417125180546,0.051158733581463674,0.23955490627489975,4e-06,1,0.11340224844676246,1.1147458005429007,0,0.6923076923076923
741,12,3,0.8812851295637896,0.2059520872039346,0.04302898281869687,4e-06,1,0.2445442137218604,1.7467881319168956,0,0.48717948717948717
742,13,3,0.8571036446769437,0.26617913658828624,0.12248853160617718,4e-06,0,0.0,1.3928005417968918,1,0.8717948717948718
743,14,3,0.8830268381321463,0.22582845500161625,0.23964529398271306,4e-06,0,0.0,1.3358370807405577,1,0.5641025641025641
744,15,3,0.825141521296889,0.48426755321086873,0.01941246475497671,4e-06,1,0.3621233981145461,1.6579785216749938,1,0.3333333333333333
745,16,3,0.7596314448968955,0.5064652390790527,0.12215027607632917,4e-06,1,0.3515889590791413,1.9026755881236024,1,0.48717948717948717
746,17,3,0.7987259500908533,0.5009001961559282,0.24150510013340482,4e-06,0,0.0,1.697579706842365,1,0.1794871794871795
747,18,3,0.9397934329991418,0.053911830578672666,0.01,4e-06,1,0.2268995939688205,1.3582715474687008,0,0.6666666666666666
748,19,3,0.9496688046428164,0.0817525615840265,0.16875635791738397,4e-06,0,0.0,1.1226281720636617,1,0.5897435897435898
749,20,3,0.9388761482804836,0.10677579508949658,0.25974654156473753,4e-06,1,0.13758923100550446,1.4057915498631852,0,0.46153846153846156
750,21,3,0.9232436263998631,0.247795640152288,0.0627837184045828,4e-06,0,9.497021307711057e-07,1.3670577272096462,1,0.46153846153846156
751,22,3,0.8880297129462302,0.23467496322840953,0.11778892761846596,4e-06,0,0.0,1.348468679451801,1,0.6410256410256411
752,23,3,0.9181728463331765,0.21858724837700638,0.26751359635878846,4e-06,1,0.18229996106536586,1.4507053502718474,0,0.358974358974359
753,24,3,0.9395908547774751,0.4442527201366239,0.035169801494519176,4e-06,0,7.684485428676848e-07,1.6269365026919782,1,0.38461538461538464
754,25,3,0.982997515584564,0.4786085875492606,0.1815556458158256,4e-06,0,1.0974438735339089e-06,1.6699190562714856,1,0.358974358974359
755,26,3,0.978386474625515,0.5501336368568974,0.26480295964551087,4e-06,1,0.3404157371653348,2.0959119008026197,1,0.5897435897435898
756,0,2,0.6381723891767909,0.09878972840397963,0.01,4e-06,0,1.7708488908163805e-06,1.1975511643516283,1,0.717948717948718
757,1,2,0.685677493217153,0.06682494453543647,0.1519659774249015,4e-06,0,0.0,1.1336494760664522,1,0.5128205128205128
758,2,2,0.7377766347416108,0.10409806849038103,0.28685183105003154,4e-06,1,0.22833083377397254,1.4080700632533314,0,0.717948717948718
759,3,2,0.7425724874498872,0.22064677359875695,0.13443342359798482,4e-06,0,1.6928610519265035e-06,1.4260558142724282,1,0.717948717948718
760,4,2,0.7152331701135068,0.26575287921917795,0.20631409425994926,4e-06,0,0.0,1.4967390709822659,1,0.2564102564102564
761,5,2,0.7561388153907002,0.23977310261664947,0.2532146521851797,4e-06,0,8.623980308160015e-06,1.4569886017408398,1,0.41025641025641024
762,6,2,0.7210480807249557,0.48045877129797343,0.053005089139804215,4e-06,0,0.0,1.7757520257238326,1,0.5128205128205128
763,7,2,0.7792904120058235,0.5013953951064423,0.15191933134106564,4e-06,0,8.42999155291323e-06,1.8011630206342037,1,0.6153846153846154
764,8,2,0.7442402516601114,0.4901324038899987,0.23735988176062903,4e-06,0,0.0,1.7875033219438858,1,0.5384615384615384
765,9,2,0.8484897986220588,0.05256067655467022,0.07112571035369501,4e-06,0,0.0,1.1051204738659846,1,0.41025641025641024
766,10,2,0.8788490149119916,0.14385397502641917,0.12461693591468007,4e-06,1,0.2667601465238221,1.4208968650952598,0,0.6153846153846154
767,11,2,0.8408893781767462,0.12316634432057515,0.25305461839309895,4e-06,1,0.24681406921350144,1.3506294073324976,0,0.6923076923076923
768,12,2,0.7973988357784898,0.2085650820552768,0.06474357769818771,4e-06,0,3.967795206128954e-06,1.4057201281182024,1,0.5128205128205128
769,13,2,0.7741605920341574,0.2926322781420935,0.1780920125104394,4e-06,1,0.2600039904843246,1.4981284841928457,0,0.8461538461538461
770,14,2,0.8378719353315801,0.2828656723448743,0.26651300532804356,4e-06,0,9.82399819790958e-07,1.5217015661416307,1,0.5641025641025641
771,15,2,0.7644999761567765,0.49331533472728367,0.08413870308200147,4e-06,0,1.0327100122817809e-05,1.7913694307998815,1,0.358974358974359
772,16,2,0.8300424980015222,0.5266803876131705,0.17924255445259743,4e-06,0,3.4974959255919887e-06,1.8317337901366841,1,0.5128205128205128
773,17,2,0.8932549917574858,0.5219872567231261,0.25796585947349415,4e-06,0,4.290369384101664e-06,1.8260672152763084,1,0.1794871794871795
774,18,2,0.9405096112361039,0.06362895120820825,0.02134065473540574,4e-06,1,0.40739800837116275,1.5044341240173251,0,0.6666666666666666
775,19,2,0.99,0.09874608316373464,0.18010428872632991,4e-06,1,0.28246964927537205,1.271168272750132,0,0.5641025641025641
776,20,2,0.9407421280924483,0.11784070634110552,0.24269415874825415,4e-06,0,2.2787385122084428e-06,1.235503466942055,1,0.48717948717948717
777,21,2,0.9023806498124658,0.2548457395646154,0.09944336485471639,4e-06,0,5.225009024278701e-06,1.4803452706300686,1,0.46153846153846156
778,22,2,0.9679086012038027,0.26637636513217433,0.11890131302506199,4e-06,0,0.0,1.4976642858951006,1,0.6410256410256411
779,23,2,0.9249750357439441,0.28227168902482574,0.26070268870925073,4e-06,0,9.793502300228944e-07,1.5208494928147365,1,0.38461538461538464
780,24,2,0.9678584408498074,0.49819723256734605,0.050377355070555,4e-06,0,9.163889734621682e-06,1.797288230863944,1,0.38461538461538464
781,25,2,0.9516134562221876,0.4906319541618004,0.10243189876199232,4e-06,1,0.275629418444063,1.8938890500141365,1,0.3333333333333333
782,26,2,0.99,0.511541699437557,0.21029235095795834,4e-06,0,6.259200339013306e-06,1.8134431470493118,1,0.6153846153846154
783,0,3,0.7624474613270592,0.09439725595586942,0.08920998660212048,4e-06,1,0.16117869127008563,1.2974811640222825,0,0.6923076923076923
784,1,3,0.7188500183138357,0.059928384720862926,0.17812568765249273,4e-06,1,0.10394311665005512,1.2950554401351826,0,0.48717948717948717
785,2,3,0.6674332007205555,0.10531148042529738,0.26056008861812896,4e-06,0,2.1129196526735333e-06,1.1579597033900073,1,0.7435897435897436
786,3,3,0.7161818077234462,0.24200808774422475,0.030528207408761623,4e-06,1,0.25715090163000226,1.7310412702253515,0,0.6923076923076923
787,4,3,0.6695654101980729,0.26705332916783836,0.1277196343589654,4e-06,1,0.1985332484143687,1.5959501624390136,0,0.23076923076923078
788,5,3,0.741352377655959,0.19887701123057783,0.2778056774072962,4e-06,0,0.0,1.2968871006273195,1,0.41025641025641024
789,6,3,0.7163900487849315,0.5174359643598275,0.025209704695132756,4e-06,1,0.371828214926172,2.107013096154762,1,0.48717948717948717
790,7,3,0.7045348215210089,0.46231835621395884,0.1449037654926078,4e-06,1,0.3021580634658025,1.7380602433057382,1,0.5897435897435898
791,8,3,0.728693938304347,0.4642896953549489,0.26471820707367666,4e-06,1,0.22175909453770595,1.848293246074039,1,0.5128205128205128
792,9,3,0.8790283193327488,0.12354862866063755,0.060897892377425926,4e-06,1,0.22659749910888552,1.269715906589668,0,0.38461538461538464
793,10,3,0.8256653001638392,0.05,0.16018925300140052,4e-06,0,2.970729320714484e-06,1.0750023394464112,1,0.6410256410256411
794,11,3,0.8723030337129927,0.059873689201213186,0.2693505006794518,4e-06,1,0.1189271408577501,1.261094827232842,0,0.6923076923076923
795,12,3,0.8475333872317383,0.259270070682571,0.11097011074131014,4e-06,1,0.2601739943601776,1.4484125756137907,0,0.48717948717948717
796,13,3,0.8581282773357561,0.22601027733107068,0.13358985837465015,4e-06,0,0.0,1.3360974918572588,1,0.8717948717948718
797,14,3,0.9220396240275495,0.2634442643388012,0.23870215830929545,4e-06,0,0.0,1.3889929984905949,1,0.5641025641025641
798,15,3,0.8328978207468192,0.4828659225692079,0.01,4e-06,1,0.36135261013901315,1.9802352814080226,1,0.3333333333333333
799,16,3,0.9467122214446578,0.45831429943345625,0.1937451242243733,4e-06,1,0.3351542264649507,1.7598677428092273,1,0.48717948717948717
800,17,3,0.8822440086720055,0.45056668576686587,0.29404245467995893,4e-06,0,5.209462238293206e-07,1.6348710683980734,1,0.1794871794871795
801,18,3,0.9758045075064448,0.07703514096873253,0.03261679743254903,4e-06,1,0.2304220545850755,1.3772416000704695,0,0.6666666666666666
802,19,3,0.8758908855323888,0.12585275482610103,0.18574780842547697,4e-06,1,0.14669662870668407,1.4565544479673094,0,0.5641025641025641
803,20,3,0.9393783810148305,0.10984821886243092,0.23117268276366912,4e-06,0,9.196489138722602e-07,1.1647592161873075,1,0.48717948717948717
804,21,3,0.99,0.24808388244626522,0.11066326852560426,4e-06,0,1.0109346735438574e-06,1.3674641016034979,1,0.46153846153846156
805,22,3,0.99,0.2689240049243806,0.1718061859108927,4e-06,0,0.0,1.3966142314652965,1,0.6410256410256411
806,23,3,0.9238881482461682,0.24618240073044137,0.2448565050553662,4e-06,0,0.0,1.3647814528544833,1,0.38461538461538464
807,24,3,0.99,0.5071201431138154,0.01,4e-06,1,0.3916658821267659,1.9035210709925432,1,0.358974358974359
808,25,3,0.99,0.4972904296923461,0.13057769382895149,4e-06,0,0.0,1.6931121471537534,1,0.358974358974359
809,26,3,0.99,0.4882084118724191,0.29102204583215263,4e-06,1,0.31909320284876336,2.12233716622837,1,0.5897435897435898
810,0,2,0.7571812789827376,0.10770083497129257,0.07559697988607228,4e-06,1,0.27144974101785435,1.7098480326478862,0,0.6923076923076923
811,1,2,0.7139173790873083,0.09301447851653245,0.2074630407471858,4e-06,0,0.0,1.1860140001243074,1,0.5128205128205128
812,2,2,0.7001723056937263,0.10044657625622787,0.26207322260030563,4e-06,1,0.2213786480086629,1.4035395762037326,0,0.717948717948718
813,3,2,0.6932462965918813,0.20254142447686302,0.050286568587705395,4e-06,1,0.29687975785122517,1.7483132163467319,0,0.6923076923076923
814,4,2,0.6306245695020439,0.25410619962068154,0.164636500260587,4e-06,0,3.037764090103604e-06,1.479218151082653,1,0.2564102564102564
815,5,2,0.6226964391623755,0.20916949216277592,0.3092056431044101,4e-06,1,0.2494654532424691,1.4446462867139624,0,0.38461538461538464
816,6,2,0.7244336412454675,0.47939187135002465,0.052390182178026934,4e-06,1,0.23281196874424032,1.821469950532866,1,0.48717948717948717
817,7,2,0.7054709646926679,0.486551306790673,0.11849483640957868,4e-06,0,0.0,1.7831557216710179,1,0.6153846153846154
818,8,2,0.6514912480382964,0.5128244312636252,0.328794547271107,4e-06,0,6.002544445027335e-06,1.8149943479002528,1,0.5384615384615384
819,9,2,0.8465757080903541,0.05,0.010331408122994476,4e-06,0,1.5907583592496204e-07,1.1000001174932805,1,0.41025641025641024
820,10,2,0.8184097567950088,0.07902243705507861,0.14503048572947935,4e-06,0,3.7495194126351423e-07,1.1580432482226939,1,0.6410256410256411
821,11,2,0.8479810370887431,0.07325411635983892,0.22776944260663315,4e-06,1,0.24813338973852897,1.232295739634592,0,0.6923076923076923
822,12,2,0.8708944085533787,0.2430362292851393,0.04464284096318439,4e-06,0,0.0,1.4621144504509287,1,0.5128205128205128
823,13,2,0.838869849261713,0.26411351066710514,0.17004593530672893,4e-06,1,0.2592979506791455,1.61901188866539,0,0.8461538461538461
824,14,2,0.8532243110248209,0.22654629310800017,0.22417950870506423,4e-06,1,0.2381753236682356,1.5037319160251827,0,0.5384615384615384
825,15,2,0.868211937536663,0.5084256304617657,0.05138609827444861,4e-06,0,6.899598455481447e-06,1.8096737285446696,1,0.358974358974359
826,16,2,0.8874043504409114,0.5273368401557195,0.1469766625216204,4e-06,0,3.3912016172725253e-06,1.8325261583353432,1,0.5128205128205128
827,17,2,0.8752950477026319,0.5084626367250464,0.25741020122452524,4e-06,0,6.8918537789846545e-06,1.8097185038981456,1,0.1794871794871795
828,18,2,0.978054033533793,0.18535883184722918,0.0387561477562975,4e-06,0,5.933856536133069e-06,1.364884699553603,1,0.6923076923076923
829,19,2,0.9304792039375226,0.1463334843435602,0.12981086946817605,4e-06,1,0.278005110811474,1.3468048502087957,0,0.5641025641025641
830,20,2,0.8865002870507479,0.07727164826373259,0.19874800321139957,4e-06,0,5.877226856845963e-07,1.1545423051103314,1,0.48717948717948717
831,21,2,0.9353328482539791,0.1999972620102929,0.076999989932892,4e-06,0,5.719031494948881e-06,1.3909139520163114,1,0.46153846153846156
832,22,2,0.99,0.24153912856630166,0.13104552932751656,4e-06,1,0.3763757330830781,1.6232593889589313,0,0.6153846153846154
833,23,2,0.9409031747697737,0.23509825891618885,0.24403505191063385,4e-06,0,0.0,1.449561914830189,1,0.38461538461538464
834,24,2,0.9658812640917591,0.4463982021846527,0.036676356369034546,4e-06,0,0.0,1.7341602769380344,1,0.38461538461538464
835,25,2,0.9736128229194556,0.49804862981843573,0.1850923854295655,4e-06,0,9.198542440552615e-06,1.797108138615457,1,0.358974358974359
836,26,2,0.9678456401699069,0.5278263733194063,0.2725127066321073,4e-06,1,0.25714230756030676,2.056772175389023,1,0.5897435897435898
837,0,3,0.7168144850337049,0.11638267692494286,0.08271415973415697,4e-06,0,0.0,1.1745477798367918,1,0.717948717948718
838,1,3,0.6637427576289134,0.11379700798923312,0.1478649903344074,4e-06,0,1.801194480294286e-06,1.1706771805238425,1,0.5128205128205128
839,2,3,0.6259030834004418,0.07164230344379872,0.2905504411858032,4e-06,1,0.08470474965088091,1.3725222312485805,0,0.717948717948718
840,3,3,0.6513737452611215,0.24011825387761918,0.051278675692361185,4e-06,0,4.6633216015963355e-06,1.3562044609005637,1,0.717948717948718
841,4,3,0.6809246390786688,0.29646176675388586,0.13875632541845226,4e-06,0,0.0,1.434451834525837,1,0.2564102564102564
842,5,3,0.6409142813955029,0.2448630176772302,0.20021209485020786,4e-06,0,9.264309147674959e-07,1.3629185618004573,1,0.41025641025641024
843,6,3,0.6980037843565314,0.49042682778341073,0.027537511280572476,4e-06,1,0.3696352310426352,1.9360479436226787,1,0.48717948717948717
844,7,3,0.7120445266840277,0.5294874861938529,0.07124559947709593,4e-06,1,0.3886736241611923,1.9596503456952845,1,0.5897435897435898
845,8,3,0.6960454753615085,0.5121012872758017,0.2580262085837966,4e-06,0,0.0,1.7114240620842185,1,0.5384615384615384
846,9,3,0.8289258721605129,0.09263495530793497,0.08446227049468227,4e-06,0,2.9149298582336e-06,1.1389522570510249,1,0.41025641025641024
847,10,3,0.8573336885599369,0.14681052789623375,0.1409907522529106,4e-06,1,0.17726441374917676,1.3893640482488008,0,0.6153846153846154
848,11,3,0.8992791761306008,0.09808737205028056,0.24367843062769712,4e-06,1,0.12403203848408803,1.4924931724578692,0,0.6923076923076923
849,12,3,0.8841695944230733,0.2569302993176654,0.057058691275096086,4e-06,1,0.2731874253309493,1.3901740000746088,0,0.48717948717948717
850,13,3,0.8113003969049906,0.3143034047433094,0.14466522824133932,4e-06,1,0.2527531506523413,1.7370951744135423,0,0.8461538461538461
851,14,3,0.861272341947342,0.2673446475059357,0.245858587741554,4e-06,0,0.0,1.3944208393473865,1,0.5641025641025641
852,15,3,0.8432165451001084,0.4585178548910412,0.04736217771740308,4e-06,1,0.3573691854139391,1.8408610193908235,1,0.3333333333333333
853,16,3,0.8534399626002086,0.4299746887336908,0.14718043701646136,4e-06,1,0.3151866401350016,2.2335410602672847,1,0.48717948717948717
854,17,3,0.8846546493994015,0.47567333168574233,0.2677331954329167,4e-06,1,0.23776256910503077,1.9708477491998868,1,0.15384615384615385
855,18,3,0.9360652254706371,0.10274579317716584,0.01,4e-06,1,0.2398988820765098,1.7176974551365298,0,0.6666666666666666
856,19,3,0.9504134225272941,0.08775480472033138,0.1618443381343827,4e-06,0,6.463385962410594e-07,1.1316315418531533,1,0.5897435897435898
857,20,3,0.9026496361175922,0.1492820290581289,0.1985272514686505,4e-06,0,0.0,1.2237164820319253,1,0.48717948717948717
858,21,3,0.9666948321212732,0.29992699754492913,0.059451291083485125,4e-06,1,0.27515705361860177,1.583394408208451,0,0.4358974358974359
859,22,3,0.9089440618353922,0.23529584955281863,0.1136427084005617,4e-06,1,0.25075670727511273,1.5838645919419019,0,0.6153846153846154
860,23,3,0.9660699567727898,0.21630466053736114,0.25958662020170087,4e-06,0,7.526977112882738e-07,1.3221523190522568,1,0.38461538461538464
861,24,3,0.9304526972414815,0.5421984660095194,0.05971156686737195,4e-06,1,0.3963280155516558,1.9761628783787,1,0.358974358974359
862,25,3,0.9197741313429922,0.501684300207325,0.12056738525651164,4e-06,0,5.959214915354962e-06,1.6985538853791733,1,0.358974358974359
863,26,3,0.9209656711725144,0.46353491423462917,0.2075944802904204,4e-06,1,0.3197007301040176,1.7396103625449841,1,0.5897435897435898
864,0,2,0.6577461414598617,0.11882481690015534,0.01,4e-06,0,2.145822486623599e-06,1.2374570107159295,1,0.717948717948718
865,1,2,0.6745401580060698,0.10963138027494508,0.16926951439501484,4e-06,0,1.54745042311404e-06,1.2191751978417456,1,0.5128205128205128
866,2,2,0.6391074307756776,0.0930682096030153,0.20145318191444822,4e-06,1,0.22451807164781398,1.7029728564725537,0,0.717948717948718
867,3,2,0.6580863912452072,0.21878197435475485,0.01,4e-06,0,1.993433472187096e-06,1.4229581876277666,1,0.717948717948718
868,4,2,0.7968979160433398,0.23572752642062147,0.1103873055946677,4e-06,0,0.0,1.450566809162551,1,0.2564102564102564
869,5,2,0.6873453830735422,0.23046111620919565,0.25664125761928686,4e-06,1,0.22218135421392762,1.5091870785303296,0,0.38461538461538464
870,6,2,0.712923330317516,0.4905162538409454,0.016951345112772145,4e-06,0,1.10162814620756e-05,1.7879735135238992,1,0.5128205128205128
871,7,2,0.735534300993386,0.523702266484167,0.10734713792858652,4e-06,1,0.26288743878053455,1.8163889252902155,1,0.5897435897435898
872,8,2,0.6697783712503789,0.46831203775127994,0.27265755327928304,4e-06,0,0.0,1.7609617614969677,1,0.5384615384615384
873,9,2,0.8658594726964367,0.10625948745620108,0.08599189341032512,4e-06,0,3.132890420756382e-07,1.2124549780149843,1,0.41025641025641024
874,10,2,0.8527240385375088,0.14441359101792056,0.15345542649458369,4e-06,1,0.27830435796356845,1.3827135820777094,0,0.6153846153846154
875,11,2,0.8579092790684463,0.12109076377136234,0.2871115162552741,4e-06,1,0.25366742064961584,1.470863904729633,0,0.6923076923076923
876,12,2,0.9023166249511936,0.1908995490408527,0.04833639875576256,4e-06,1,0.2738078307707688,1.452556744237853,0,0.48717948717948717
877,13,2,0.945354441519275,0.24801422101933718,0.13776807685186698,4e-06,1,0.29254424902733933,1.4678983511048802,0,0.8461538461538461
878,14,2,0.8895292101500053,0.18991558784422513,0.22720396223965256,4e-06,0,6.639988725628999e-06,1.3730846856054948,1,0.5641025641025641
879,15,2,0.8168449934879891,0.539285769095432,0.09020763202855486,4e-06,0,1.6555857270349504e-06,1.8469393931185292,1,0.358974358974359
880,16,2,0.8317953066384532,0.4928158680465103,0.12587550115275123,4e-06,0,1.0448921794126927e-05,1.790763591805169,1,0.5128205128205128
881,17,2,0.8252778237285917,0.46895837027945764,0.20308884644370553,4e-06,0,0.0,1.7617498230450352,1,0.1794871794871795
882,18,2,0.9593838232357375,0.1510237827528495,0.029949848949358926,4e-06,1,0.41142556213813364,1.4696018880569275,0,0.6666666666666666
883,19,2,0.9398464975549786,0.12233000766249029,0.17325687560552142,4e-06,1,0.2766586696720432,1.7183220214373183,0,0.5641025641025641
884,20,2,0.9397744117980882,0.08927409674336395,0.20896738303608822,4e-06,1,0.2599803948861683,1.790480243314946,0,0.46153846153846156
885,21,2,0.9050411295028226,0.26319771900062994,0.0858988360696103,4e-06,0,0.0,1.4929341486027983,1,0.46153846153846156
886,22,2,0.9613376574297854,0.21897666581410868,0.14085233487182514,4e-06,0,1.9611376579362516e-06,1.4232822880524005,1,0.6410256410256411
887,23,2,0.9228484730463128,0.2803498124111994,0.24262837679013402,4e-06,0,9.619577262018234e-07,1.518085801445422,1,0.38461538461538464
888,24,2,0.8998677895061934,0.5075961353088605,0.0768565520667854,4e-06,0,7.074063184739034e-06,1.8086700253891135,1,0.38461538461538464
889,25,2,0.99,0.49077416705848953,0.14045917698578791,4e-06,0,1.0952127134289618e-05,1.788286493576635,1,0.358974358974359
890,26,2,0.9164792327829725,0.5349886491959746,0.2608480156553075,4e-06,1,0.2838069778114363,2.0361121587777538,1,0.5897435897435898
891,0,3,0.7689131953347623,0.10512866056562516,0.04660878887385847,4e-06,1,0.22859017523329458,1.4041137845295761,0,0.6923076923076923
892,1,3,0.7387020166396454,0.09037060478848834,0.1501555934597706,4e-06,0,0.0,1.1355540352273419,1,0.5128205128205128
893,2,3,0.6457360059624354,0.053725461765953206,0.2233782993399264,4e-06,1,0.09220323750975903,1.8386454302316995,0,0.717948717948718
894,3,3,0.6742470394410999,0.26904131926270014,0.04493212531025785,4e-06,1,0.2764505593487347,1.653317199659942,0,0.6923076923076923
895,4,3,0.6815343118831622,0.2676177298523452,0.16784857374530404,4e-06,0,0.0,1.3948002766609686,1,0.2564102564102564
896,5,3,0.7064664954551821,0.31596543560447,0.24947206212233086,4e-06,1,0.18411899948124555,1.4418852972655094,1,0.38461538461538464
897,6,3,0.7036870843010733,0.4954649485792835,0.049059358979704946,4e-06,0,0.0,1.6908512204292048,1,0.5128205128205128
898,7,3,0.6614947809965619,0.49551994288785506,0.1450419608993269,4e-06,1,0.2997925671594796,1.8073779226827658,1,0.5897435897435898
899,8,3,0.7024405942165681,0.5266824036957357,0.24702364794321846,4e-06,1,0.22682205695125077,2.03766293437956,1,0.5128205128205128
900,9,3,0.8283359879426432,0.11716287170795446,0.0612719089283707,4e-06,1,0.23090810800482056,1.3236282207589039,0,0.38461538461538464
901,10,3,0.8846326801271928,0.12140381387333464,0.16766206868643438,4e-06,1,0.15844567887689665,1.2669996739975926,0,0.6153846153846154
902,11,3,0.8597975690817787,0.13190526785354578,0.23043776291791618,4e-06,1,0.13170197876286469,1.3412257946709174,0,0.6923076923076923
903,12,3,0.8666111876106182,0.22527680502207986,0.04775712309760075,4e-06,1,0.25413463489882676,1.4593680207452457,0,0.48717948717948717
904,13,3,0.7613887953758611,0.24341218032223721,0.145280465014546,4e-06,1,0.19136059434617375,1.4551430652738093,0,0.8461538461538461
905,14,3,0.801368068059645,0.22526132286386163,0.17163412605042,4e-06,1,0.17562775436965877,1.5995496460452436,0,0.5384615384615384
906,15,3,0.8341742578349599,0.4847006847099723,0.0832303201845128,4e-06,0,2.4008936063704592e-06,1.67749566909272,1,0.358974358974359
907,16,3,0.8351754778584055,0.530785690043206,0.14940726420492445,4e-06,0,0.0,1.7344375993601417,1,0.5128205128205128
908,17,3,0.7813500529006179,0.48676056518312955,0.27263930851517826,4e-06,1,0.22312065668717948,1.877251468492121,1,0.15384615384615385
909,18,3,0.9193857793951877,0.06445104375147359,0.06655864688916796,4e-06,1,0.2092779343093519,1.2656336021273382,0,0.6666666666666666
910,19,3,0.9720138040561955,0.12453134818788737,0.1630883835969859,4e-06,1,0.21527918348327646,1.2402609770865523,0,0.5641025641025641
911,20,3,0.9568375348451319,0.07665628474418225,0.3055123696712508,4e-06,1,0.12717419579966574,1.179493600750905,0,0.46153846153846156
912,21,3,0.9810300920179963,0.17744157151912857,0.08829412648342788,4e-06,0,3.08211668387478e-06,1.2654628676739301,1,0.46153846153846156
913,22,3,0.9723508413895103,0.2667554554482269,0.13071649291077828,4e-06,1,0.25532230833338615,1.430861737961136,0,0.6153846153846154
914,23,3,0.9176547812050977,0.23173729229064022,0.28380829429636895,4e-06,1,0.1947972011095495,1.4956764696720037,0,0.358974358974359
915,24,3,0.9206569462599583,0.4806321019262698,0.07197918699396472,4e-06,0,0.0,1.6724364667207763,1,0.38461538461538464
916,25,3,0.9642685055614381,0.5224054043190288,0.147352636491207,4e-06,1,0.36169930499406433,1.7329038397195682,1,0.3333333333333333
917,26,3,0.9414457759602434,0.4706826130660443,0.28051532042860616,4e-06,1,0.31373418405249215,1.8295748040721922,1,0.5897435897435898
918,0,2,0.7139908727086023,0.09786051798622196,0.018416508106650124,4e-06,1,0.27946835656427954,1.1827428502577733,0,0.6923076923076923
919,1,2,0.7080663017053792,0.06972548975899476,0.15915984862046076,4e-06,0,1.097098664782334e-06,1.1394514084335008,1,0.5128205128205128
920,2,2,0.8381618560897672,0.10855371524026818,0.23858125458800905,4e-06,0,0.0,1.2170259828225616,1,0.7435897435897436
921,3,2,0.7037728062552439,0.30983285484043216,0.046514021469207384,4e-06,0,0.0,1.5594454580848196,1,0.717948717948718
922,4,2,0.6841632814235761,0.2936355412287711,0.16128208788962312,4e-06,0,9.062497771547418e-07,1.536987610349176,1,0.2564102564102564
923,5,2,0.6776119891540074,0.2608359365216199,0.2901458839881596,4e-06,1,0.24911482556230743,1.6148824402469875,0,0.38461538461538464
924,6,2,0.7182404872843651,0.4600506571982755,0.010162024580196764,4e-06,1,0.39784790135545933,1.7980315631269568,1,0.48717948717948717
925,7,2,0.6909773191572558,0.5091245133855853,0.11587218013911933,4e-06,0,6.753900109398634e-06,1.8105192940251063,1,0.6153846153846154
926,8,2,0.6962351574172873,0.5151095086257216,0.2818455631124127,4e-06,0,5.5555358140221475e-06,1.8177570038163786,1,0.5384615384615384
927,9,2,0.820152209857718,0.06787279012466443,0.034673687350125576,4e-06,1,0.2753822348561346,1.3657771586927603,0,0.38461538461538464
928,10,2,0.8634649482650937,0.05,0.12642968915197492,4e-06,0,1.5907582351053138e-07,1.1000001174932712,1,0.6410256410256411
929,11,2,0.7933196434758806,0.17067463544794453,0.24913174803055707,4e-06,0,2.8754878241665594e-06,1.337894902765073,1,0.717948717948718
930,12,2,0.8659809902418053,0.23897213601519443,0.028172789545358175,4e-06,0,6.18810581061244e-06,1.4557224567828957,1,0.5128205128205128
931,13,2,0.8828774880443471,0.2672886757515463,0.11990047828914946,4e-06,1,0.26433636087399953,1.686997281475831,0,0.8461538461538461
932,14,2,0.81627469367953,0.25849860394451935,0.20081830283606295,4e-06,0,0.0,1.485878559438493,1,0.5641025641025641
933,15,2,0.8176360293122037,0.4403249728610818,0.06621828508841227,4e-06,0,0.0,1.7267002159160316,1,0.358974358974359
934,16,2,0.9055824103432024,0.4922804634420298,0.15026535920090836,4e-06,0,1.0580071737555092e-05,1.7901141003936816,1,0.5128205128205128
935,17,2,0.836258571246972,0.5010253314717372,0.25901844420293607,4e-06,0,8.513736134376176e-06,1.8007147673458572,1,0.1794871794871795
936,18,2,0.9446769423195492,0.09639744264793768,0.09139496989263166,4e-06,0,4.888054681680419e-06,1.19277546480154,1,0.6923076923076923
937,19,2,0.99,0.08840662713320749,0.1986892034588814,4e-06,0,2.458844667917981e-06,1.1768067487969152,1,0.5897435897435898
938,20,2,0.99,0.06422554219652568,0.22931964243347974,4e-06,0,8.816702694209859e-07,1.1284516093407229,1,0.48717948717948717
939,21,2,0.99,0.22994875950101398,0.07714755556081654,4e-06,1,0.36523245852049413,1.8094134790977083,0,0.4358974358974359
940,22,2,0.9781859132888259,0.22117010974227042,0.19223276415762594,4e-06,0,1.6105061853998137e-06,1.4269224540689922,1,0.6410256410256411
941,23,2,0.9581739074883581,0.25678324030133115,0.24763792623281866,4e-06,0,0.0,1.4832832795615292,1,0.38461538461538464
942,24,2,0.9512453941177991,0.47454425073942075,0.018542250655172246,4e-06,0,0.0,1.7685554671468149,1,0.38461538461538464
943,25,2,0.9489217665425916,0.5064603137986625,0.16502439400638333,4e-06,1,0.23798069029629984,1.7954935442085445,1,0.3333333333333333
944,26,2,0.99,0.4919686751885758,0.23699719045655473,4e-06,0,1.0656712290123132e-05,1.7897358455455055,1,0.6153846153846154
945,0,3,0.6683786220110832,0.12943218396075498,0.01,4e-06,1,0.24384967261250043,1.3077227428559952,0,0.6923076923076923
946,1,3,0.7604454626543653,0.08891633986528756,0.1587543830227893,4e-06,0,0.0,1.133373206725893,1,0.5128205128205128
947,2,3,0.6639520436776234,0.12603326561578546,0.22986553614607985,4e-06,1,0.10992186633550602,1.4260981158806258,0,0.717948717948718
948,3,3,0.668026541427001,0.2602794159758441,0.08473907157696649,4e-06,1,0.24435883995036412,1.8076199124512693,0,0.6923076923076923
949,4,3,0.6566917271085273,0.2618379826411162,0.20532349240182807,4e-06,1,0.17696230967614798,1.6718881438938578,0,0.23076923076923078
950,5,3,0.6845241379739498,0.27298551900550855,0.2428150409323976,4e-06,1,0.18081788928800463,1.685607169200999,0,0.38461538461538464
951,6,3,0.7563379537698542,0.4238237624751301,0.07393577600837808,4e-06,1,0.3324351713596747,1.849889277067869,1,0.48717948717948717
952,7,3,0.6835863707419354,0.5507694546835343,0.12857606723399845,4e-06,1,0.3491538582647648,1.8778556386958796,1,0.5897435897435898
953,8,3,0.7165538954324895,0.4867443265312139,0.20278423208392343,4e-06,1,0.24377228535960183,1.6881051873826933,1,0.5128205128205128
954,9,3,0.9012533542585808,0.10224330367406535,0.06353261851111466,4e-06,0,2.946357775491648e-06,1.1533603849573526,1,0.41025641025641024
955,10,3,0.9171027779950164,0.09435424428846759,0.13669890361418618,4e-06,1,0.1823591102619584,1.2334570399408602,0,0.6153846153846154
956,11,3,0.8211055856453046,0.0821581796867801,0.25030740052050693,4e-06,0,0.0,1.1232365645567284,1,0.717948717948718
957,12,3,0.9336667635758195,0.2600874473905711,0.01,4e-06,1,0.2588152682895218,1.5045563309377838,0,0.48717948717948717
958,13,3,0.8515151997795839,0.25130350073054375,0.15737841928188512,4e-06,1,0.2387617596391294,1.6313640274821202,0,0.8461538461538461
959,14,3,0.8745217683908314,0.23373757608416498,0.22156940993082475,4e-06,1,0.19281737455589668,1.5261398224581126,0,0.5384615384615384
960,15,3,0.8213657022487506,0.5030042873738023,0.01,4e-06,1,0.36957758421638665,2.006580103196134,1,0.3333333333333333
961,16,3,0.8323010822859995,0.5313519399731337,0.1641602870513422,4e-06,0,0.0,1.7351336475161876,1,0.5128205128205128
962,17,3,0.7791518064643255,0.5551068550948703,0.21424356067174374,4e-06,0,0.0,1.7642661321814608,1,0.1794871794871795
963,18,3,0.9730933096713872,0.07435045657274857,0.05454769534458569,4e-06,1,0.22417981538537987,1.5730609126033537,0,0.6666666666666666
964,19,3,0.9511615828602116,0.0925038322274332,0.08884168480282775,4e-06,1,0.22541554256796523,1.6161465452579378,0,0.5641025641025641
965,20,3,0.9306079840199105,0.08319018301510697,0.26075378729100307,4e-06,0,3.5565384647345194e-06,1.1247871792251727,1,0.48717948717948717
966,21,3,0.8597929776610382,0.2622138940962483,0.06557308993870466,4e-06,1,0.26279258582975984,1.617339085921954,0,0.4358974358974359
967,22,3,0.9535574216355713,0.20606402895059234,0.11918308209937022,4e-06,1,0.23201746731646178,1.3209328279610626,0,0.6153846153846154
968,23,3,0.9837575628356622,0.23912167148689248,0.23656400764670618,4e-06,0,5.488491437213783e-06,1.3547913137978058,1,0.38461538461538464
969,24,3,0.963559780418993,0.48890897764373675,0.03210884997089667,4e-06,0,2.619140500643263e-06,1.682721941375603,1,0.38461538461538464
970,25,3,0.9887496212769423,0.5134492911726913,0.1446250202035976,4e-06,0,0.0,1.7130875175080247,1,0.358974358974359
971,26,3,0.8878115970768058,0.4823035600533858,0.21591091411322408,4e-06,1,0.3268709623135797,1.817506644089085,1,0.5897435897435898
972,0,2,0.735026221274132,0.05,0.01,4e-06,0,1.5907582351053138e-07,1.1000001174932552,1,0.717948717948718
973,1,2,0.6470247116769244,0.15834286712951468,0.15937619741947737,4e-06,0,0.0,1.3146225666035056,1,0.5128205128205128
974,2,2,0.6723194020307114,0.12166822441534007,0.23858701717053965,4e-06,1,0.22599939711676223,1.4715596143145824,0,0.717948717948718
975,3,2,0.634840097397588,0.29791083579552946,0.05547167644171628,4e-06,1,0.29518897568872954,1.567564599565415,0,0.6923076923076923
976,4,2,0.6569832097352473,0.2223050462791542,0.11514299335200563,4e-06,0,1.4386677222537015e-06,1.4287978829728978,1,0.2564102564102564
977,5,2,0.6814235272307527,0.21957792421344163,0.21200211190807472,4e-06,1,0.25567419693557963,1.392145117714534,0,0.38461538461538464
978,6,2,0.6813765288164559,0.47943179022925214,0.09641268458394829,4e-06,0,0.0,1.7745031038153183,1,0.5128205128205128
979,7,2,0.6786699126926921,0.5073432885139597,0.14833571951230995,4e-06,1,0.2419919541702834,1.8553645795510478,1,0.5897435897435898
980,8,2,0.7571335322505565,0.4959453917890275,0.2723925465889888,4e-06,1,0.23883106312537614,1.9003312239913477,1,0.5128205128205128
981,9,2,0.8153259056030658,0.1370799544829018,0.05934228042352027,4e-06,0,0.0,1.2734769640395176,1,0.41025641025641024
982,10,2,0.9043273658841992,0.13469023890697068,0.17296027608408857,4e-06,0,7.074676722985054e-06,1.2687952931455575,1,0.6410256410256411
983,11,2,0.8098444745595459,0.12182601080877398,0.25511955825250154,4e-06,1,0.2420447056413476,1.389664379887606,0,0.6923076923076923
984,12,2,0.8424502314795509,0.20517662992843666,0.048405305357907207,4e-06,1,0.29299969368973006,1.6468448394445216,0,0.48717948717948717
985,13,2,0.8651185050413629,0.30723845480040646,0.17543619868492027,4e-06,1,0.2697262833759551,1.5486981060116358,0,0.8461538461538461
986,14,2,0.8827228037309794,0.20807008357164464,0.22112582188956745,4e-06,1,0.26769041202882127,1.3739396876391385,0,0.5384615384615384
987,15,2,0.8485135686026447,0.46939210123644737,0.053039211654597906,4e-06,1,0.27093798689011367,1.9858369131005202,1,0.3333333333333333
988,16,2,0.8669699254982075,0.5005798227100217,0.19201097750643992,4e-06,1,0.24911999866598766,1.8471593645530548,1,0.48717948717948717
989,17,2,0.8401245657669086,0.45967290808949807,0.2621841176411632,4e-06,0,0.0,1.7504156453168729,1,0.1794871794871795
990,18,2,0.99,0.08134492028186786,0.04196616278974452,4e-06,0,1.608861755102588e-07,1.1626871875095017,1,0.6923076923076923
991,19,2,0.9652676213791845,0.09839875466714468,0.18258977750619096,4e-06,0,4.08694902182512e-06,1.1967718078311456,1,0.5897435897435898
992,20,2,0.9894469619156284,0.11615493560923248,0.2496391024030316,4e-06,1,0.28859437153546347,1.3401586846572249,0,0.46153846153846156
993,21,2,0.9173196539703168,0.2589379953090524,0.02749342789273603,4e-06,1,0.35369405048632635,1.7738737762999817,0,0.4358974358974359
994,22,2,0.9854730531519681,0.2296495036347657,0.16537784980293685,4e-06,0,5.526448047334759e-07,1.4408027111933364,1,0.6410256410256411
995,23,2,0.9803265686891269,0.2616791617331323,0.25647096141657855,4e-06,0,0.0,1.4906626381834243,1,0.38461538461538464
996,24,2,0.967242179703986,0.5068816298447738,0.051772799990750525,4e-06,0,7.225672889069165e-06,1.8078053629079895,1,0.38461538461538464
997,25,2,0.9079832022660581,0.5128290865663924,0.140392777730957,4e-06,0,6.001620083464136e-06,1.8149999770310594,1,0.358974358974359
998,26,2,0.9138606985110463,0.47794210214719,0.22090545810214524,4e-06,0,0.0,1.7726909872702579,1,0.6153846153846154
999,0,3,0.6808588602096893,0.05,0.057212640623842716,4e-06,1,0.16088443233514826,1.597522728785915,0,0.6923076923076923
1000,1,3,0.6404777302427258,0.13256828208922178,0.11076999304845181,4e-06,1,0.12965545368892645,1.2204007391387297,0,0.48717948717948717
1001,2,3,0.764062855115817,0.12248651616778439,0.21975856387377915,4e-06,1,0.11485666701656973,1.637728273781633,0,0.717948717948718
1002,3,3,0.7242210082089724,0.242128656078695,0.04491972478935904,4e-06,1,0.2642795407315837,1.7867267232597677,0,0.6923076923076923
1003,4,3,0.7036517508870181,0.27863883380956916,0.174273524651568,4e-06,0,0.0,1.4100497933177378,1,0.2564102564102564
1004,5,3,0.6884437647658936,0.19783553612437205,0.21831265022004412,4e-06,1,0.14459554846369665,1.4239318581996445,0,0.38461538461538464
1005,6,3,0.702997083142649,0.5311776082890218,0.014380306728131773,4e-06,1,0.38439716699114124,1.8256259825363148,1,0.48717948717948717
1006,7,3,0.7075484385364487,0.4788752018727645,0.1929443134178225,4e-06,0,9.158537122303727e-07,1.6702508259902338,1,0.6153846153846154
1007,8,3,0.7717692711731434,0.4550331416116957,0.24976821156682955,4e-06,1,0.22362193157441057,1.6749737536511622,1,0.5128205128205128
1008,9,3,0.8134177981282431,0.10902143625453185,0.01680252518636366,4e-06,0,1.1188520779561184e-06,1.1635201788252367,1,0.41025641025641024
1009,10,3,0.8608933360451331,0.05,0.12099619436501896,4e-06,1,0.14680061944672887,1.3208459603853797,0,0.6153846153846154
1010,11,3,0.8508479457404946,0.05,0.2872849115160472,4e-06,0,2.9707293199082895e-06,1.0750023394464103,1,0.717948717948718
1011,12,3,0.8897982239026665,0.22967379961279302,0.029346436471873565,4e-06,0,0.0,1.3413377314743438,1,0.5128205128205128
1012,13,3,0.9212415383696918,0.2987076153391866,0.1607913449671232,4e-06,1,0.2698695489264261,1.7718497782114235,0,0.8461538461538461
1013,14,3,0.799720652985226,0.26932445011455947,0.22797779595569415,4e-06,1,0.1863761186699628,1.5439771025245517,0,0.5384615384615384
1014,15,3,0.8409012948957065,0.5150362498134264,0.05354310395019381,4e-06,1,0.3749336082993341,1.8051258122157385,1,0.3333333333333333
1015,16,3,0.8756861180919705,0.5133778504501536,0.1469224216137426,4e-06,0,0.0,1.7129993713189773,1,0.5128205128205128
1016,17,3,0.8624549251648664,0.5131301990057932,0.28133475682151704,4e-06,0,0.0,1.7126937989337678,1,0.1794871794871795
1017,18,3,0.852466503448815,0.08568637293945756,0.07282836577643349,4e-06,1,0.20176512215598574,1.3202957708930023,0,0.6666666666666666
1018,19,3,0.9820471348912692,0.1044618452776082,0.18864198210786554,4e-06,1,0.2136095477413231,1.308868386176787,0,0.5641025641025641
1019,20,3,0.9702354025814143,0.1450480561789358,0.19880088080997166,4e-06,1,0.22347963528582018,1.417230040733369,0,0.46153846153846156
1020,21,3,0.9428031954358086,0.27545548316165513,0.09637689439335945,4e-06,1,0.2711722937436435,1.5518723779909334,0,0.4358974358974359
1021,22,3,0.9802847347469777,0.2760610802569505,0.13921014963998077,4e-06,1,0.2687701295506955,1.443248731791967,0,0.6153846153846154
1022,23,3,0.99,0.30671376979823356,0.27227814877705875,4e-06,1,0.2592728062485157,1.456698007701803,1,0.358974358974359
1023,24,3,0.9722958622877449,0.49652981472561647,0.05568921497067165,4e-06,0,0.0,1.6921702336808047,1,0.38461538461538464
1024,25,3,0.99,0.46579445818553966,0.13703664718640962,4e-06,1,0.35286123143768183,1.9849090407855883,1,0.3333333333333333
1025,26,3,0.9330926806059069,0.4800195255811881,0.2334754924799862,4e-06,1,0.3252615601530088,1.6526433523026067,1,0.5897435897435898
1026,0,2,0.5875061202597591,0.0699178596355424,0.13193866127478654,4e-06,0,1.1256162052503024e-06,1.1398361533414092,1,0.717948717948718
1027,1,2,0.6983232807130091,0.10202363698203586,0.17538375737716816,4e-06,1,0.22321386251888736,1.4054900922069227,0,0.48717948717948717
1028,2,2,0.7155420672511685,0.08380635090961118,0.2736125332629461,4e-06,1,0.22367253284111868,1.5641599501376582,0,0.717948717948718
1029,3,2,0.6296036451217422,0.20304614816498798,0.023106645316271848,4e-06,1,0.28920381559098696,1.4702929241715932,0,0.6923076923076923
1030,4,2,0.7125294610949886,0.21401794522527895,0.055690010939257684,4e-06,0,2.8541637582575507e-06,1.414976626199099,1,0.2564102564102564
1031,5,2,0.6757820204851214,0.29558574037927554,0.2315937232213255,4e-06,0,0.0,1.5397232698005179,1,0.41025641025641024
1032,6,2,0.6992406960127655,0.49873085822982205,0.024938591334558894,4e-06,0,9.039852744541056e-06,1.7979348968421522,1,0.5128205128205128
1033,7,2,0.7068009725701828,0.49291251102128936,0.12166116200425199,4e-06,1,0.2413317570616166,1.8672571346477127,1,0.5897435897435898
1034,8,2,0.717073619200857,0.48655811797573256,0.2543647914110593,4e-06,1,0.23615436486818736,1.8889527545935696,1,0.5128205128205128
1035,9,2,0.8528198491608465,0.08136964735577877,0.021651984931397028,4e-06,1,0.31317573295778545,1.6079579813036742,0,0.38461538461538464
1036,10,2,0.8356557058584547,0.1170091197875117,0.1291602193986342,4e-06,0,2.3736605265070483e-06,1.2338519915108794,1,0.6410256410256411
1037,11,2,0.9021732053064191,0.12385729036221277,0.3055859492481572,4e-06,1,0.2587083312134218,1.351665459209843,0,0.6923076923076923
1038,12,2,0.7475705045736551,0.2366162317494135,0.06674655726642613,4e-06,1,0.3109718392644715,1.8159852865746058,0,0.48717948717948717
1039,13,2,0.9028364001067949,0.261461727233875,0.17396738782773064,4e-06,1,0.295167857106556,1.615671770392404,0,0.8461538461538461
1040,14,2,0.8061842524313585,0.2984234176907346,0.253027046054412,4e-06,1,0.2590363304445482,1.6305019575243365,0,0.5384615384615384
1041,15,2,0.8240350751344697,0.4787312293686248,0.011505565921890212,4e-06,0,0.0,1.7736509864908485,1,0.358974358974359
1042,16,2,0.8421998248938232,0.48221222389038804,0.18321477856329885,4e-06,0,0.0,1.7778837851099014,1,0.5128205128205128
1043,17,2,0.8202751836978219,0.4963691475266007,0.2608300331089432,4e-06,0,9.59352312345824e-06,1.795072451820944,1,0.1794871794871795
1044,18,2,0.9462443269392653,0.13237371337972628,0.05023967926723828,4e-06,1,0.31278597592935026,1.644828123833496,0,0.6666666666666666
1045,19,2,0.8774964653372543,0.10805076964055568,0.17175972189439875,4e-06,0,3.967207581904087e-06,1.2160274348294755,1,0.5897435897435898
1046,20,2,0.9668874664574976,0.08954239102135039,0.22579761245663224,4e-06,0,0.0,1.1790747591958812,1,0.48717948717948717
1047,21,2,0.927564036366247,0.2832827256757617,0.023514034563571987,4e-06,0,9.83932747063099e-07,1.5222992495172256,1,0.46153846153846156
1048,22,2,0.99,0.2760574581320174,0.13925972082326932,4e-06,1,0.36890068407181975,1.5387849743105633,0,0.6153846153846154
1049,23,2,0.8401754454009048,0.22280578151579855,0.24847460148672154,4e-06,0,1.365816267937807e-06,1.429623580608364,1,0.38461538461538464
1050,24,2,0.9598841025932168,0.5338844693884376,0.040353926460382175,4e-06,0,2.3931066112963997e-06,1.8404263387343547,1,0.38461538461538464
1051,25,2,0.9369350666572878,0.4953180949753429,0.14124678842540764,4e-06,1,0.2668866480223403,1.8113814970146047,1,0.3333333333333333
1052,26,2,0.8603718295600822,0.4883499829060206,0.24988932923054824,4e-06,1,0.26429541883344876,1.83232885200384,1,0.5897435897435898
1053,0,3,0.7325303071487855,0.09856736144534378,0.04187978733968918,4e-06,1,0.23540773167700277,1.4293219484277204,0,0.6923076923076923
1054,1,3,0.6958085338540875,0.09764880915622713,0.144360026954496,4e-06,0,3.7606443361197242e-06,1.146471782288856,1,0.5128205128205128
1055,2,3,0.6507895940960569,0.06848008302300554,0.1975444591154943,4e-06,1,0.08466346912674654,1.4032062816066944,0,0.717948717948718
1056,3,3,0.7100129317276185,0.2651580254779831,0.01,4e-06,1,0.26299502398599456,1.5386131556460907,0,0.6923076923076923
1057,4,3,0.7067282322844501,0.27563153982035116,0.12039060732611784,4e-06,0,0.0,1.4059010202138233,1,0.2564102564102564
1058,5,3,0.707166870984035,0.3357241922639412,0.25903374228556075,4e-06,0,1.5381933675631106e-06,1.4871524915716492,1,0.41025641025641024
1059,6,3,0.7147204014597807,0.47032412685107966,0.08179260832454704,4e-06,1,0.3417735726410672,1.9099699878958616,1,0.48717948717948717
1060,7,3,0.7640350049470837,0.5060001592465476,0.07049329358105472,4e-06,1,0.3614411086936845,2.2002615822908456,1,0.5897435897435898
1061,8,3,0.6905190450784093,0.5214501743298072,0.22449927496863115,4e-06,1,0.23429997853821347,1.8132732538353478,1,0.5128205128205128
1062,9,3,0.8471421838780958,0.10094697001869744,0.03954846946813036,4e-06,1,0.23044342856247757,1.3365389284216895,0,0.38461538461538464
1063,10,3,0.862526624293294,0.10203909913490876,0.1032985214359175,4e-06,1,0.18363822984523429,1.4326249569844098,0,0.6153846153846154
1064,11,3,0.8504764406499452,0.15943599996060892,0.26737809435696436,4e-06,1,0.12720860204724854,1.1978979978222952,0,0.6923076923076923
1065,12,3,0.8793221437201751,0.24711359551215403,0.08423797908531108,4e-06,1,0.25403666764759264,1.6262087508015135,0,0.48717948717948717
1066,13,3,0.864008499914341,0.2753852038908359,0.13657609085380554,4e-06,1,0.2645487822155368,1.8527186850810689,0,0.8461538461538461
1067,14,3,0.8663476734942946,0.2662802903968099,0.24956997986464266,4e-06,1,0.1930053022976178,1.7597170423138364,0,0.5384615384615384
1068,15,3,0.8315225924293188,0.4601481438361067,0.10930926104339539,4e-06,0,2.555723915953156e-07,1.6468802702701228,1,0.358974358974359
1069,16,3,0.8473678671571127,0.5020154332896194,0.13839949072535151,4e-06,1,0.3521859415480676,1.9240199337109534,1,0.48717948717948717
1070,17,3,0.8484095107428731,0.5052445798106242,0.17927537623038053,4e-06,0,8.679701391392323e-07,1.7029551457736964,1,0.1794871794871795
1071,18,3,0.9732249047778794,0.05865695975397928,0.0358699921625225,4e-06,1,0.22892308170033518,1.3958660659446132,0,0.6666666666666666
1072,19,3,0.99,0.08242559179492352,0.17274239960820273,4e-06,1,0.21275799128702153,1.3821148036806374,0,0.5641025641025641
1073,20,3,0.9401779933919725,0.138515353804879,0.19330442022909644,4e-06,0,4.405413138757402e-06,1.207662178402553,1,0.48717948717948717
1074,21,3,0.8721077933724073,0.2173749364071565,0.025651998464236787,4e-06,1,0.2575353100439282,1.5336777384811173,0,0.4358974358974359
1075,22,3,0.8694114207626633,0.21946033828696956,0.186012611997306,4e-06,1,0.18708731300169307,1.6488316775563685,0,0.6153846153846154
1076,23,3,0.9574987068869011,0.21991664331162658,0.2039174512286583,4e-06,1,0.2480356562791705,1.677498926189393,0,0.358974358974359
1077,24,3,0.9847270711890667,0.5270710225140596,0.06891837087449999,4e-06,0,0.0,1.7298694629215163,1,0.38461538461538464
1078,25,3,0.9509819932961595,0.4903597240988826,0.14396430709515748,4e-06,0,2.2679383403124197e-06,1.6845221387970266,1,0.358974358974359
1079,26,3,0.9406129273631095,0.5363524672158847,0.20602325514899386,4e-06,0,0.0,1.7412770252989886,1,0.6153846153846154
